,Unnamed: 0,City,State,Zip3,County
0,0.0,MELVILLE,NY,5,Nassau County
1,4.0,SAN JUAN,PR,6,San Juan Municipio
2,5.0,SAN JUAN,PR,7,San Juan Municipio
3,6.0,SAN JUAN,PR,8,San Juan Municipio
4,7.0,SAN JUAN,PR,9,San Juan Municipio
5,8.0,SPRINGFIELD,MA,10,Hampden County
6,9.0,SPRINGFIELD,MA,11,Hampden County
7,10.0,SPRINGFIELD,MA,12,Hampden County
8,11.0,SPRINGFIELD,MA,13,Hampden County
9,12.0,SHREWSBURY,MA,14,Worcester County
10,13.0,SHREWSBURY,MA,15,Worcester County
11,14.0,SHREWSBURY,MA,16,Worcester County
12,15.0,SHREWSBURY,MA,17,Worcester County
13,16.0,NORTH READING,MA,18,Middlesex County
14,17.0,NORTH READING,MA,19,Middlesex County
15,19.0,BROCKTON,MA,20,Plymouth County
16,21.0,BOSTON,MA,21,Suffolk County
17,22.0,BOSTON,MA,22,Suffolk County
18,20.0,BROCKTON,MA,23,Plymouth County
19,23.0,WALTHAM,MA,24,Middlesex County
20,24.0,WAREHAM,MA,25,Plymouth County
21,25.0,WAREHAM,MA,26,Plymouth County
22,26.0,PROVIDENCE,RI,27,Providence County
23,27.0,PROVIDENCE,RI,28,Providence County
24,28.0,PROVIDENCE,RI,29,Providence County
25,29.0,MANCHESTER,NH,30,Hillsborough County
26,30.0,MANCHESTER,NH,31,Hillsborough County
27,31.0,MANCHESTER,NH,32,Hillsborough County
28,32.0,MANCHESTER,NH,33,Hillsborough County
29,33.0,MANCHESTER,NH,34,Hillsborough County
30,34.0,WHITE RIVER JUNCTION,VT,35,Windsor County
31,35.0,WHITE RIVER JUNCTION,VT,36,Windsor County
32,36.0,WHITE RIVER JUNCTION,VT,37,Windsor County
33,44.0,PORTSMOUTH,NH,38,Rockingham County
34,45.0,PORTSMOUTH,NH,39,Rockingham County
35,46.0,SCARBOROUGH,ME,40,Cumberland County
36,47.0,SCARBOROUGH,ME,41,Cumberland County
37,48.0,SCARBOROUGH,ME,42,Cumberland County
38,49.0,SCARBOROUGH,ME,43,Cumberland County
39,52.0,HAMPDEN,ME,44,Penobscot County
40,50.0,SCARBOROUGH,ME,45,Cumberland County
41,53.0,HAMPDEN,ME,46,Penobscot County
42,54.0,HAMPDEN,ME,47,Penobscot County
43,51.0,SCARBOROUGH,ME,48,Cumberland County
44,55.0,HAMPDEN,ME,49,Penobscot County
45,37.0,WHITE RIVER JUNCTION,VT,50,Windsor County
46,38.0,WHITE RIVER JUNCTION,VT,51,Windsor County
47,39.0,WHITE RIVER JUNCTION,VT,52,Windsor County
48,40.0,WHITE RIVER JUNCTION,VT,53,Windsor County
49,56.0,ESSEX JUNCTION,VT,54,Chittenden County
50,18.0,NORTH READING,MA,55,Middlesex County
51,57.0,ESSEX JUNCTION,VT,56,Chittenden County
52,41.0,WHITE RIVER JUNCTION,VT,57,Windsor County
53,42.0,WHITE RIVER JUNCTION,VT,58,Windsor County
54,43.0,WHITE RIVER JUNCTION,VT,59,Windsor County
55,58.0,HARTFORD,CT,60,Hartford County
56,59.0,HARTFORD,CT,61,Hartford County
57,60.0,HARTFORD,CT,62,Hartford County
58,61.0,WALLINGFORD,CT,63,New Haven County
59,62.0,WALLINGFORD,CT,64,New Haven County
60,63.0,WALLINGFORD,CT,65,New Haven County
61,64.0,WALLINGFORD,CT,66,New Haven County
62,65.0,WATERBURY,CT,67,New Haven County
63,66.0,STAMFORD,CT,68,Fairfield County
64,67.0,STAMFORD,CT,69,Fairfield County
65,68.0,KEARNY,NJ,70,Hudson County
66,69.0,KEARNY,NJ,71,Hudson County
67,70.0,KEARNY,NJ,72,Hudson County
68,71.0,KEARNY,NJ,73,Hudson County
69,72.0,TETERBORO,NJ,74,Bergen County
70,73.0,TETERBORO,NJ,75,Bergen County
71,74.0,TETERBORO,NJ,76,Bergen County
72,75.0,EATONTOWN,NJ,77,Monmouth County
73,76.0,WHIPPANY,NJ,78,Morris County
74,77.0,WHIPPANY,NJ,79,Morris County
75,78.0,BELLMAWR,NJ,80,Camden County
76,79.0,BELLMAWR,NJ,81,Camden County
77,80.0,BELLMAWR,NJ,82,Camden County
78,81.0,BELLMAWR,NJ,83,Camden County
79,82.0,BELLMAWR,NJ,84,Camden County
80,83.0,TRENTON,NJ,85,Mercer County
81,84.0,TRENTON,NJ,86,Mercer County
82,85.0,TRENTON,NJ,87,Mercer County
83,86.0,EDISON,NJ,88,Middlesex County
84,87.0,EDISON,NJ,89,Middlesex County
85,88.0,NEW YORK,NY,100,New York County
86,89.0,NEW YORK,NY,101,New York County
87,90.0,NEW YORK,NY,102,New York County
88,91.0,STATEN ISLAND,NY,103,Richmond County
89,92.0,BRONX,NY,104,Bronx County
90,93.0,WHITE PLAINS,NY,105,Westchester County
91,94.0,WHITE PLAINS,NY,106,Westchester County
92,95.0,WHITE PLAINS,NY,107,Westchester County
93,96.0,WHITE PLAINS,NY,108,Westchester County
94,97.0,WHITE PLAINS,NY,109,Westchester County
95,98.0,FLUSHING,NY,110,Queens County
96,99.0,FLUSHING,NY,111,Queens County
97,102.0,BROOKLYN,NY,112,Kings County
98,100.0,FLUSHING,NY,113,Queens County
99,101.0,FLUSHING,NY,114,Queens County
100,104.0,GARDEN CITY,NY,115,Nassau County
101,103.0,BROOKLYN,NY,116,Kings County
102,1.0,MELVILLE,NY,117,Nassau County
103,2.0,MELVILLE,NY,118,Nassau County
104,3.0,MELVILLE,NY,119,Nassau County
105,105.0,ALBANY,NY,120,Albany County
106,106.0,ALBANY,NY,121,Albany County
107,107.0,ALBANY,NY,122,Albany County
108,108.0,ALBANY,NY,123,Albany County
109,109.0,NEWBURGH,NY,124,Orange County
110,110.0,NEWBURGH,NY,125,Orange County
111,111.0,NEWBURGH,NY,126,Orange County
112,112.0,NEWBURGH,NY,127,Orange County
113,113.0,GLENS FALLS,NY,128,Warren County
114,114.0,PLATTSBURGH,NY,129,Clinton County
115,115.0,SYRACUSE,NY,130,Onondaga County
116,116.0,SYRACUSE,NY,131,Onondaga County
117,117.0,SYRACUSE,NY,132,Onondaga County
118,118.0,UTICA,NY,133,Oneida County
119,119.0,UTICA,NY,134,Oneida County
120,120.0,UTICA,NY,135,Oneida County
121,121.0,WATERTOWN,NY,136,Jefferson County
122,122.0,BINGHAMTON,NY,137,Broome County
123,123.0,BINGHAMTON,NY,138,Broome County
124,124.0,BINGHAMTON,NY,139,Broome County
125,125.0,BUFFALO,NY,140,Erie County
126,126.0,BUFFALO,NY,141,Erie County
127,127.0,BUFFALO,NY,142,Erie County
128,128.0,BUFFALO,NY,143,Erie County
129,129.0,ROCHESTER,NY,144,Monroe County
130,130.0,ROCHESTER,NY,145,Monroe County
131,131.0,ROCHESTER,NY,146,Monroe County
132,132.0,JAMESTOWN,NY,147,Chautauqua County
133,133.0,ELMIRA,NY,148,Chemung County
134,134.0,ELMIRA,NY,149,Chemung County
135,135.0,PITTSBURGH,PA,150,Allegheny County
136,136.0,PITTSBURGH,PA,151,Allegheny County
137,137.0,PITTSBURGH,PA,152,Allegheny County
138,138.0,PITTSBURGH,PA,153,Allegheny County
139,139.0,PITTSBURGH,PA,154,Allegheny County
140,140.0,DU BOIS,PA,155,Clearfield County
141,144.0,YOUNGWOOD,PA,156,Westmoreland County
142,141.0,DU BOIS,PA,157,Clearfield County
143,142.0,DU BOIS,PA,158,Clearfield County
144,143.0,DU BOIS,PA,159,Clearfield County
145,145.0,NEW CASTLE,PA,160,Lawrence County
146,146.0,NEW CASTLE,PA,161,Lawrence County
147,147.0,NEW CASTLE,PA,162,Lawrence County
148,148.0,OIL CITY,PA,163,Venango County
149,149.0,OIL CITY,PA,164,Venango County
150,150.0,OIL CITY,PA,165,Venango County
151,152.0,DUNCANSVILLE,PA,166,Blair County
152,151.0,OIL CITY,PA,167,Venango County
153,153.0,DUNCANSVILLE,PA,168,Blair County
154,154.0,WILLIAMSPORT,PA,169,Lycoming County
155,156.0,HARRISBURG,PA,170,Dauphin County
156,157.0,HARRISBURG,PA,171,Dauphin County
157,158.0,HARRISBURG,PA,172,Dauphin County
158,160.0,LANCASTER,PA,173,Lancaster County
159,161.0,LANCASTER,PA,174,Lancaster County
160,162.0,LANCASTER,PA,175,Lancaster County
161,163.0,LANCASTER,PA,176,Lancaster County
162,155.0,WILLIAMSPORT,PA,177,Lycoming County
163,159.0,HARRISBURG,PA,178,Dauphin County
164,164.0,READING,PA,179,Berks County
165,167.0,LEHIGH VALLEY,PA,180,Lehigh County
166,168.0,LEHIGH VALLEY,PA,181,Lehigh County
167,170.0,WILKES BARRE,PA,182,Luzerne County
168,169.0,LEHIGH VALLEY,PA,183,Lehigh County
169,173.0,SCRANTON,PA,184,Lackawanna County
170,174.0,SCRANTON,PA,185,Lackawanna County
171,171.0,WILKES BARRE,PA,186,Luzerne County
172,172.0,WILKES BARRE,PA,187,Luzerne County
173,175.0,SCRANTON,PA,188,Lackawanna County
174,176.0,SOUTHEASTERN,PA,189,Montgomery County
175,179.0,PHILADELPHIA,PA,190,Philadelphia County
176,180.0,PHILADELPHIA,PA,191,Philadelphia County
177,181.0,PHILADELPHIA,PA,192,Philadelphia County
178,177.0,SOUTHEASTERN,PA,193,Montgomery County
179,178.0,SOUTHEASTERN,PA,194,Montgomery County
180,165.0,READING,PA,195,Berks County
181,166.0,READING,PA,196,Berks County
182,182.0,WILMINGTON,DE,197,New Castle County
183,183.0,WILMINGTON,DE,198,New Castle County
184,184.0,WILMINGTON,DE,199,New Castle County
185,185.0,WASHINGTON,DC,200,Washington County
186,190.0,DULLES,VA,201,Loudoun County
187,186.0,WASHINGTON,DC,202,Washington County
188,187.0,WASHINGTON,DC,203,Washington County
189,188.0,WASHINGTON,DC,204,Washington County
190,189.0,WASHINGTON,DC,205,Washington County
191,191.0,CAPITOL HEIGHTS,MD,206,Prince George's County
192,192.0,CAPITOL HEIGHTS,MD,207,Prince George's County
193,193.0,GAITHERSBURG,MD,208,Montgomery County
194,194.0,GAITHERSBURG,MD,209,Montgomery County
195,195.0,LINTHICUM HEIGHTS,MD,210,Anne Arundel County
196,196.0,LINTHICUM HEIGHTS,MD,211,Anne Arundel County
197,198.0,BALTIMORE,MD,212,Baltimore County
198,197.0,LINTHICUM HEIGHTS,MD,214,Anne Arundel County
199,200.0,CUMBERLAND,MD,215,Allegany County
200,202.0,EASTON,MD,216,Talbot County
201,204.0,FREDERICK,MD,217,Frederick County
202,203.0,EASTON,MD,218,Talbot County
203,199.0,BALTIMORE,MD,219,Baltimore County
204,205.0,MERRIFIELD,VA,220,Fairfax County
205,206.0,MERRIFIELD,VA,221,Fairfax County
206,207.0,MERRIFIELD,VA,222,Fairfax County
207,208.0,MERRIFIELD,VA,223,Fairfax County
208,209.0,SANDSTON,VA,224,Henrico County
209,210.0,SANDSTON,VA,225,Henrico County
210,215.0,WINCHESTER,VA,226,Frederick County
211,216.0,CULPEPER,VA,227,Culpeper County
212,217.0,CHARLOTTESVILLE,VA,228,Albemarle County
213,218.0,CHARLOTTESVILLE,VA,229,Albemarle County
214,211.0,SANDSTON,VA,230,Henrico County
215,212.0,SANDSTON,VA,231,Henrico County
216,213.0,SANDSTON,VA,232,Henrico County
217,220.0,NORFOLK,VA,233,Norfolk city
218,221.0,NORFOLK,VA,234,Norfolk city
219,222.0,NORFOLK,VA,235,Norfolk city
220,223.0,NORFOLK,VA,236,Norfolk city
221,224.0,NORFOLK,VA,237,Norfolk city
222,214.0,SANDSTON,VA,238,Henrico County
223,225.0,FARMVILLE,VA,239,Prince Edward County
224,226.0,ROANOKE,VA,240,Roanoke County
225,227.0,ROANOKE,VA,241,Roanoke County
226,229.0,BRISTOL,VA,242,Washington County
227,228.0,ROANOKE,VA,243,Roanoke County
228,219.0,CHARLOTTESVILLE,VA,244,Albemarle County
229,230.0,LYNCHBURG,VA,245,Campbell County
230,231.0,BLUEFIELD,WV,246,Mercer County
231,232.0,BLUEFIELD,WV,247,Mercer County
232,233.0,BLUEFIELD,WV,248,Mercer County
233,234.0,LEWISBURG,WV,249,Greenbrier County
234,235.0,CHARLESTON,WV,250,Kanawha County
235,236.0,CHARLESTON,WV,251,Kanawha County
236,237.0,CHARLESTON,WV,252,Kanawha County
237,238.0,CHARLESTON,WV,253,Kanawha County
238,239.0,MARTINSBURG,WV,254,Berkeley County
239,240.0,HUNTINGTON,WV,255,Cabell County
240,241.0,HUNTINGTON,WV,256,Cabell County
241,242.0,HUNTINGTON,WV,257,Cabell County
242,243.0,BECKLEY,WV,258,Raleigh County
243,244.0,BECKLEY,WV,259,Raleigh County
244,245.0,WHEELING,WV,260,Ohio County
245,246.0,PARKERSBURG,WV,261,Wood County
246,247.0,CLARKSBURG,WV,262,Harrison County
247,248.0,CLARKSBURG,WV,263,Harrison County
248,249.0,CLARKSBURG,WV,264,Harrison County
249,250.0,CLARKSBURG,WV,265,Harrison County
250,251.0,GASSAWAY,WV,266,Braxton County
251,201.0,CUMBERLAND,MD,267,Allegany County
252,252.0,PETERSBURG,WV,268,Grant County
253,253.0,GREENSBORO,NC,270,Guilford County
254,254.0,GREENSBORO,NC,271,Guilford County
255,255.0,GREENSBORO,NC,272,Guilford County
256,256.0,GREENSBORO,NC,273,Guilford County
257,257.0,GREENSBORO,NC,274,Guilford County
258,258.0,RALEIGH,NC,275,Wake County
259,259.0,RALEIGH,NC,276,Wake County
260,260.0,RALEIGH,NC,277,Wake County
261,261.0,ROCKY MOUNT,NC,278,Nash County
262,262.0,ROCKY MOUNT,NC,279,Nash County
263,263.0,CHARLOTTE,NC,280,Mecklenburg County
264,264.0,CHARLOTTE,NC,281,Mecklenburg County
265,265.0,CHARLOTTE,NC,282,Mecklenburg County
266,267.0,FAYETTEVILLE,NC,283,Cumberland County
267,268.0,FAYETTEVILLE,NC,284,Cumberland County
268,269.0,KINSTON,NC,285,Lenoir County
269,270.0,HICKORY,NC,286,Catawba County
270,271.0,ASHEVILLE,NC,287,Buncombe County
271,272.0,ASHEVILLE,NC,288,Buncombe County
272,273.0,ASHEVILLE,NC,289,Buncombe County
273,274.0,WEST COLUMBIA,SC,290,Lexington County
274,275.0,WEST COLUMBIA,SC,291,Lexington County
275,276.0,WEST COLUMBIA,SC,292,Lexington County
276,277.0,GREENVILLE,SC,293,Greenville County
277,279.0,NORTH CHARLESTON,SC,294,Charleston County
278,280.0,FLORENCE,SC,295,Florence County
279,278.0,GREENVILLE,SC,296,Greenville County
280,266.0,CHARLOTTE,NC,297,Mecklenburg County
281,281.0,AUGUSTA,GA,298,Richmond County
282,284.0,SAVANNAH,GA,299,Chatham County
283,287.0,DULUTH,GA,300,Gwinnett County
284,288.0,DULUTH,GA,301,Gwinnett County
285,289.0,ATLANTA,GA,302,Fulton County
286,290.0,ATLANTA,GA,303,Fulton County
287,293.0,SWAINSBORO,GA,304,Emanuel County
288,294.0,ATHENS,GA,305,Clarke County
289,295.0,ATHENS,GA,306,Clarke County
290,296.0,CHATTANOOGA,TN,307,Hamilton County
291,282.0,AUGUSTA,GA,308,Richmond County
292,283.0,AUGUSTA,GA,309,Richmond County
293,299.0,MACON,GA,310,Bibb County
294,291.0,ATLANTA,GA,311,Fulton County
295,300.0,MACON,GA,312,Bibb County
296,285.0,SAVANNAH,GA,313,Chatham County
297,286.0,SAVANNAH,GA,314,Chatham County
298,301.0,WAYCROSS,GA,315,Ware County
299,302.0,VALDOSTA,GA,316,Lowndes County
300,303.0,ALBANY,GA,317,Dougherty County
301,305.0,COLUMBUS,GA,318,Muscogee County
302,306.0,COLUMBUS,GA,319,Muscogee County
303,307.0,JACKSONVILLE,FL,320,Duval County
304,309.0,DAYTONA BEACH,FL,321,Volusia County
305,308.0,JACKSONVILLE,FL,322,Duval County
306,310.0,TALLAHASSEE,FL,323,Leon County
307,311.0,PANAMA CITY,FL,324,Bay County
308,312.0,PENSACOLA,FL,325,Escambia County
309,313.0,GAINESVILLE,FL,326,Alachua County
310,315.0,MID FLORIDA,FL,327,Seminole County
311,316.0,ORLANDO,FL,328,Orange County
312,317.0,ORLANDO,FL,329,Orange County
313,319.0,PEMBROKE PINES,FL,330,Broward County
314,320.0,MIAMI,FL,331,Miami-Dade County
315,321.0,MIAMI,FL,332,Miami-Dade County
316,322.0,FORT LAUDERDALE,FL,333,Broward County
317,323.0,WEST PALM BEACH,FL,334,Palm Beach County
318,325.0,TAMPA,FL,335,Hillsborough County
319,326.0,TAMPA,FL,336,Hillsborough County
320,328.0,SAINT PETERSBURG,FL,337,Pinellas County
321,329.0,LAKELAND,FL,338,Polk County
322,330.0,FORT MYERS,FL,339,Lee County
323,331.0,FORT MYERS,FL,341,Lee County
324,332.0,SARASOTA,FL,342,Sarasota County
325,314.0,GAINESVILLE,FL,344,Alachua County
326,327.0,TAMPA,FL,346,Hillsborough County
327,318.0,ORLANDO,FL,347,Orange County
328,324.0,WEST PALM BEACH,FL,349,Palm Beach County
329,333.0,BIRMINGHAM,AL,350,Jefferson County
330,334.0,BIRMINGHAM,AL,351,Jefferson County
331,335.0,BIRMINGHAM,AL,352,Jefferson County
332,338.0,TUSCALOOSA,AL,354,Tuscaloosa County
333,336.0,BIRMINGHAM,AL,355,Jefferson County
334,339.0,HUNTSVILLE,AL,356,Madison County
335,340.0,HUNTSVILLE,AL,357,Madison County
336,341.0,HUNTSVILLE,AL,358,Madison County
337,337.0,BIRMINGHAM,AL,359,Jefferson County
338,342.0,MONTGOMERY,AL,360,Montgomery County
339,343.0,MONTGOMERY,AL,361,Montgomery County
340,346.0,ANNISTON,AL,362,Calhoun County
341,347.0,DOTHAN,AL,363,Houston County
342,348.0,EVERGREEN,AL,364,Conecuh County
343,349.0,MOBILE,AL,365,Mobile County
344,350.0,MOBILE,AL,366,Mobile County
345,344.0,MONTGOMERY,AL,367,Montgomery County
346,345.0,MONTGOMERY,AL,368,Montgomery County
347,351.0,MERIDIAN,MS,369,Lauderdale County
348,353.0,NASHVILLE,TN,370,Davidson County
349,354.0,NASHVILLE,TN,371,Davidson County
350,355.0,NASHVILLE,TN,372,Davidson County
351,297.0,CHATTANOOGA,TN,373,Hamilton County
352,298.0,CHATTANOOGA,TN,374,Hamilton County
353,356.0,MEMPHIS,TN,375,Shelby County
354,361.0,JOHNSON CITY,TN,376,Sullivan County
355,362.0,KNOXVILLE,TN,377,Knox County
356,363.0,KNOXVILLE,TN,378,Knox County
357,364.0,KNOXVILLE,TN,379,Knox County
358,357.0,MEMPHIS,TN,380,Shelby County
359,358.0,MEMPHIS,TN,381,Shelby County
360,365.0,MC KENZIE,TN,382,Carroll County
361,366.0,JACKSON,TN,383,Madison County
362,367.0,COLUMBIA,TN,384,Maury County
363,368.0,COOKEVILLE,TN,385,Putnam County
364,359.0,MEMPHIS,TN,386,Shelby County
365,369.0,GREENVILLE,MS,387,Washington County
366,370.0,TUPELO,MS,388,Lee County
367,371.0,GRENADA,MS,389,Grenada County
368,372.0,JACKSON,MS,390,Hinds County
369,373.0,JACKSON,MS,391,Hinds County
370,374.0,JACKSON,MS,392,Hinds County
371,352.0,MERIDIAN,MS,393,Lauderdale County
372,375.0,HATTIESBURG,MS,394,Forrest County
373,376.0,GULFPORT,MS,395,Harrison County
374,377.0,MCCOMB,MS,396,Pike County
375,378.0,COLUMBUS,MS,397,Lowndes County
376,304.0,ALBANY,GA,398,Dougherty County
377,292.0,ATLANTA,GA,399,Fulton County
378,379.0,LOUISVILLE,KY,400,Jefferson County
379,380.0,LOUISVILLE,KY,401,Jefferson County
380,381.0,LOUISVILLE,KY,402,Jefferson County
381,383.0,LEXINGTON,KY,403,Fayette County
382,384.0,LEXINGTON,KY,404,Fayette County
383,385.0,LEXINGTON,KY,405,Fayette County
384,386.0,LEXINGTON,KY,406,Fayette County
385,387.0,LONDON,KY,407,Laurel County
386,388.0,LONDON,KY,408,Laurel County
387,389.0,LONDON,KY,409,Laurel County
388,390.0,CINCINNATI,OH,410,Hamilton County
389,396.0,ASHLAND,KY,411,Boyd County
390,397.0,ASHLAND,KY,412,Boyd County
391,398.0,SPUR CAMPTON,KY,413,Wolfe County
392,399.0,SPUR CAMPTON,KY,414,Wolfe County
393,400.0,PIKEVILLE,KY,415,Pike County
394,401.0,PIKEVILLE,KY,416,Pike County
395,402.0,HAZARD,KY,417,Perry County
396,403.0,HAZARD,KY,418,Perry County
397,404.0,PADUCAH,KY,420,McCracken County
398,405.0,BOWLING GREEN,KY,421,Warren County
399,406.0,BOWLING GREEN,KY,422,Warren County
400,407.0,OWENSBORO,KY,423,Daviess County
401,408.0,EVANSVILLE,IN,424,Vanderburgh County
402,411.0,SOMERSET,KY,425,Pulaski County
403,412.0,SOMERSET,KY,426,Pulaski County
404,413.0,ELIZABETHTOWN,KY,427,Hardin County
405,414.0,COLUMBUS,OH,430,Franklin County
406,415.0,COLUMBUS,OH,431,Franklin County
407,416.0,COLUMBUS,OH,432,Franklin County
408,417.0,COLUMBUS,OH,433,Franklin County
409,418.0,TOLEDO,OH,434,Lucas County
410,419.0,TOLEDO,OH,435,Lucas County
411,420.0,TOLEDO,OH,436,Lucas County
412,421.0,ZANESVILLE,OH,437,Muskingum County
413,422.0,ZANESVILLE,OH,438,Muskingum County
414,423.0,STEUBENVILLE,OH,439,Jefferson County
415,424.0,CLEVELAND,OH,440,Cuyahoga County
416,425.0,CLEVELAND,OH,441,Cuyahoga County
417,426.0,AKRON,OH,442,Summit County
418,427.0,AKRON,OH,443,Summit County
419,428.0,YOUNGSTOWN,OH,444,Mahoning County
420,429.0,YOUNGSTOWN,OH,445,Mahoning County
421,430.0,CANTON,OH,446,Stark County
422,431.0,CANTON,OH,447,Stark County
423,432.0,MANSFIELD,OH,448,Richland County
424,433.0,MANSFIELD,OH,449,Richland County
425,391.0,CINCINNATI,OH,450,Hamilton County
426,392.0,CINCINNATI,OH,451,Hamilton County
427,393.0,CINCINNATI,OH,452,Hamilton County
428,434.0,DAYTON,OH,453,Montgomery County
429,435.0,DAYTON,OH,454,Montgomery County
430,436.0,DAYTON,OH,455,Montgomery County
431,437.0,CHILLICOTHE,OH,456,Ross County
432,438.0,ATHENS,OH,457,Athens County
433,439.0,LIMA,OH,458,Allen County
434,394.0,CINCINNATI,OH,459,Hamilton County
435,440.0,INDIANAPOLIS,IN,460,Marion County
436,441.0,INDIANAPOLIS,IN,461,Marion County
437,442.0,INDIANAPOLIS,IN,462,Marion County
438,443.0,GARY,IN,463,Lake County
439,444.0,GARY,IN,464,Lake County
440,445.0,SOUTH BEND,IN,465,St. Joseph County
441,446.0,SOUTH BEND,IN,466,St. Joseph County
442,447.0,FORT WAYNE,IN,467,Allen County
443,448.0,FORT WAYNE,IN,468,Allen County
444,449.0,KOKOMO,IN,469,Howard County
445,395.0,CINCINNATI,OH,470,Hamilton County
446,382.0,LOUISVILLE,KY,471,Jefferson County
447,450.0,COLUMBUS,IN,472,Bartholomew County
448,451.0,MUNCIE,IN,473,Delaware County
449,452.0,BLOOMINGTON,IN,474,Monroe County
450,453.0,TERRE HAUTE,IN,475,Vigo County
451,409.0,EVANSVILLE,IN,476,Vanderburgh County
452,410.0,EVANSVILLE,IN,477,Vanderburgh County
453,454.0,TERRE HAUTE,IN,478,Vigo County
454,455.0,LAFAYETTE,IN,479,Tippecanoe County
455,456.0,PONTIAC,MI,480,Oakland County
456,458.0,DETROIT,MI,481,Wayne County
457,459.0,DETROIT,MI,482,Wayne County
458,457.0,PONTIAC,MI,483,Oakland County
459,460.0,FLINT,MI,484,Genesee County
460,461.0,FLINT,MI,485,Genesee County
461,462.0,SAGINAW,MI,486,Saginaw County
462,463.0,SAGINAW,MI,487,Saginaw County
463,464.0,LANSING,MI,488,Ingham County
464,465.0,LANSING,MI,489,Ingham County
465,466.0,KALAMAZOO,MI,490,Kalamazoo County
466,467.0,KALAMAZOO,MI,491,Kalamazoo County
467,468.0,JACKSON,MI,492,Jackson County
468,469.0,GRAND RAPIDS,MI,493,Kent County
469,470.0,GRAND RAPIDS,MI,494,Kent County
470,471.0,GRAND RAPIDS,MI,495,Kent County
471,472.0,TRAVERSE CITY,MI,496,Grand Traverse County
472,473.0,GAYLORD,MI,497,Otsego County
473,474.0,KINGSFORD,MI,498,Dickinson County
474,475.0,KINGSFORD,MI,499,Dickinson County
475,476.0,DES MOINES,IA,500,Polk County
476,477.0,DES MOINES,IA,501,Polk County
477,478.0,DES MOINES,IA,502,Polk County
478,479.0,DES MOINES,IA,503,Polk County
479,482.0,WATERLOO,IA,504,Black Hawk County
480,485.0,FORT DODGE,IA,505,Webster County
481,483.0,WATERLOO,IA,506,Black Hawk County
482,484.0,WATERLOO,IA,507,Black Hawk County
483,486.0,CRESTON,IA,508,Union County
484,480.0,DES MOINES,IA,509,Polk County
485,487.0,SIOUX CITY,IA,510,Woodbury County
486,488.0,SIOUX CITY,IA,511,Woodbury County
487,489.0,SIOUX CITY,IA,512,Woodbury County
488,490.0,SIOUX CITY,IA,513,Woodbury County
489,491.0,CARROLL,IA,514,Carroll County
490,492.0,OMAHA,NE,515,Douglas County
491,493.0,OMAHA,NE,516,Douglas County
492,496.0,DUBUQUE,IA,520,Dubuque County
493,497.0,DECORAH,IA,521,Winneshiek County
494,498.0,CEDAR RAPIDS,IA,522,Linn County
495,499.0,CEDAR RAPIDS,IA,523,Linn County
496,500.0,CEDAR RAPIDS,IA,524,Linn County
497,481.0,DES MOINES,IA,525,Polk County
498,501.0,BURLINGTON,IA,526,Des Moines County
499,502.0,MILAN,IL,527,Rock Island County
500,503.0,MILAN,IL,528,Rock Island County
501,505.0,MILWAUKEE,WI,530,Milwaukee County
502,506.0,MILWAUKEE,WI,531,Milwaukee County
503,507.0,MILWAUKEE,WI,532,Milwaukee County
504,508.0,MILWAUKEE,WI,534,Milwaukee County
505,509.0,MADISON,WI,535,Dane County
506,510.0,MADISON,WI,537,Dane County
507,511.0,MADISON,WI,538,Dane County
508,512.0,PORTAGE,WI,539,Columbia County
509,513.0,EAGAN,MN,540,Dakota County
510,516.0,GREEN BAY,WI,541,Brown County
511,517.0,GREEN BAY,WI,542,Brown County
512,518.0,GREEN BAY,WI,543,Brown County
513,519.0,ROTHSCHILD,WI,544,Marathon County
514,520.0,RHINELANDER,WI,545,Oneida County
515,521.0,LA CROSSE,WI,546,La Crosse County
516,522.0,EAU CLAIRE,WI,547,Eau Claire County
517,523.0,SPOONER,WI,548,Washburn County
518,524.0,OSHKOSH,WI,549,Winnebago County
519,514.0,EAGAN,MN,550,Dakota County
520,515.0,EAGAN,MN,551,Dakota County
521,525.0,MINNEAPOLIS,MN,553,Hennepin County
522,526.0,MINNEAPOLIS,MN,554,Hennepin County
523,527.0,MINNEAPOLIS,MN,555,Hennepin County
524,528.0,DULUTH,MN,556,St. Louis County
525,529.0,DULUTH,MN,557,St. Louis County
526,530.0,DULUTH,MN,558,St. Louis County
527,531.0,ROCHESTER,MN,559,Olmsted County
528,532.0,MANKATO,MN,560,Blue Earth County
529,533.0,MANKATO,MN,561,Blue Earth County
530,534.0,WILLMAR,MN,562,Kandiyohi County
531,535.0,WAITE PARK,MN,563,Stearns County
532,536.0,BRAINERD,MN,564,Crow Wing County
533,537.0,DETROIT LAKES,MN,565,Becker County
534,538.0,BEMIDJI,MN,566,Beltrami County
535,539.0,GRAND FORKS,ND,567,Grand Forks County
536,541.0,SIOUX FALLS,SD,570,Minnehaha County
537,542.0,SIOUX FALLS,SD,571,Minnehaha County
538,543.0,HURON,SD,572,Beadle County
539,544.0,HURON,SD,573,Beadle County
540,545.0,ABERDEEN,SD,574,Brown County
541,546.0,PIERRE,SD,575,Hughes County
542,547.0,MOBRIDGE,SD,576,Walworth County
543,548.0,RAPID CITY,SD,577,Pennington County
544,549.0,FARGO,ND,580,Cass County
545,550.0,FARGO,ND,581,Cass County
546,540.0,GRAND FORKS,ND,582,Grand Forks County
547,551.0,DEVILS LAKE,ND,583,Ramsey County
548,552.0,JAMESTOWN,ND,584,Stutsman County
549,553.0,BISMARCK,ND,585,Burleigh County
550,554.0,BISMARCK,ND,586,Burleigh County
551,555.0,MINOT,ND,587,Ward County
552,556.0,WILLISTON,ND,588,Williams County
553,557.0,BILLINGS,MT,590,Yellowstone County
554,558.0,BILLINGS,MT,591,Yellowstone County
555,560.0,WOLF POINT,MT,592,Roosevelt County
556,561.0,MILES CITY,MT,593,Custer County
557,562.0,GREAT FALLS,MT,594,Cascade County
558,563.0,HAVRE,MT,595,Hill County
559,564.0,HELENA,MT,596,Lewis and Clark County
560,565.0,BUTTE,MT,597,Silver Bow County
561,566.0,MISSOULA,MT,598,Missoula County
562,567.0,KALISPELL,MT,599,Flathead County
563,568.0,PALATINE,IL,600,Cook County
564,570.0,CAROL STREAM,IL,601,DuPage County
565,569.0,PALATINE,IL,602,Cook County
566,571.0,CAROL STREAM,IL,603,DuPage County
567,572.0,BEDFORD PARK,IL,604,Cook County
568,573.0,FOX VALLEY,IL,605,Kane County
569,574.0,CHICAGO,IL,606,Cook County
570,575.0,CHICAGO,IL,607,Cook County
571,576.0,CHICAGO,IL,608,Cook County
572,577.0,KANKAKEE,IL,609,Kankakee County
573,578.0,ROCKFORD,IL,610,Winnebago County
574,579.0,ROCKFORD,IL,611,Winnebago County
575,504.0,MILAN,IL,612,Rock Island County
576,580.0,LA SALLE,IL,613,LaSalle County
577,581.0,GALESBURG,IL,614,Knox County
578,582.0,PEORIA,IL,615,Peoria County
579,583.0,PEORIA,IL,616,Peoria County
580,584.0,BLOOMINGTON,IL,617,McLean County
581,585.0,CHAMPAIGN,IL,618,Champaign County
582,586.0,CHAMPAIGN,IL,619,Champaign County
583,587.0,SAINT LOUIS,MO,620,Saint Louis County
584,588.0,SAINT LOUIS,MO,622,Saint Louis County
585,592.0,QUINCY,IL,623,Adams County
586,595.0,EFFINGHAM,IL,624,Effingham County
587,596.0,SPRINGFIELD,IL,625,Sangamon County
588,597.0,SPRINGFIELD,IL,626,Sangamon County
589,598.0,SPRINGFIELD,IL,627,Sangamon County
590,599.0,CENTRALIA,IL,628,Jefferson County
591,600.0,CARBONDALE,IL,629,Jackson County
592,589.0,SAINT LOUIS,MO,630,Saint Louis County
593,590.0,SAINT LOUIS,MO,631,Saint Louis County
594,591.0,SAINT LOUIS,MO,633,Saint Louis County
595,593.0,QUINCY,IL,634,Adams County
596,594.0,QUINCY,IL,635,Adams County
597,601.0,CAPE GIRARDEAU,MO,636,Cape Girardeau County
598,602.0,CAPE GIRARDEAU,MO,637,Cape Girardeau County
599,603.0,CAPE GIRARDEAU,MO,638,Cape Girardeau County
600,604.0,CAPE GIRARDEAU,MO,639,Cape Girardeau County
601,605.0,KANSAS CITY,MO,640,Jackson County
602,606.0,KANSAS CITY,MO,641,Jackson County
603,608.0,SAINT JOSEPH,MO,644,Buchanan County
604,609.0,SAINT JOSEPH,MO,645,Buchanan County
605,610.0,CHILLICOTHE,MO,646,Livingston County
606,611.0,HARRISONVILLE,MO,647,Cass County
607,612.0,SPRINGFIELD,MO,648,Greene County
608,607.0,KANSAS CITY,MO,649,Jackson County
609,618.0,COLUMBIA,MO,650,Boone County
610,619.0,COLUMBIA,MO,651,Boone County
611,620.0,COLUMBIA,MO,652,Boone County
612,621.0,COLUMBIA,MO,653,Boone County
613,613.0,SPRINGFIELD,MO,654,Greene County
614,614.0,SPRINGFIELD,MO,655,Greene County
615,615.0,SPRINGFIELD,MO,656,Greene County
616,616.0,SPRINGFIELD,MO,657,Greene County
617,617.0,SPRINGFIELD,MO,658,Greene County
618,622.0,KANSAS CITY,KS,660,Wyandotte County
619,623.0,KANSAS CITY,KS,661,Wyandotte County
620,624.0,KANSAS CITY,KS,662,Wyandotte County
621,625.0,TOPEKA,KS,664,Shawnee County
622,626.0,TOPEKA,KS,665,Shawnee County
623,627.0,TOPEKA,KS,666,Shawnee County
624,629.0,FORT SCOTT,KS,667,Bourbon County
625,628.0,TOPEKA,KS,668,Shawnee County
626,630.0,SALINA,KS,669,Saline County
627,632.0,WICHITA,KS,670,Sedgwick County
628,633.0,WICHITA,KS,671,Sedgwick County
629,634.0,WICHITA,KS,672,Sedgwick County
630,635.0,INDEPENDENCE,KS,673,Montgomery County
631,631.0,SALINA,KS,674,Saline County
632,636.0,HUTCHINSON,KS,675,Reno County
633,637.0,HAYS,KS,676,Ellis County
634,638.0,COLBY,KS,677,Thomas County
635,639.0,DODGE CITY,KS,678,Ford County
636,640.0,LIBERAL,KS,679,Seward County
637,494.0,OMAHA,NE,680,Douglas County
638,495.0,OMAHA,NE,681,Douglas County
639,642.0,LINCOLN,NE,683,Lancaster County
640,643.0,LINCOLN,NE,684,Lancaster County
641,644.0,LINCOLN,NE,685,Lancaster County
642,645.0,NORFOLK,NE,686,Madison County
643,646.0,NORFOLK,NE,687,Madison County
644,647.0,GRAND ISLAND,NE,688,Hall County
645,648.0,GRAND ISLAND,NE,689,Hall County
646,649.0,MC COOK,NE,690,Red Willow County
647,650.0,NORTH PLATTE,NE,691,Lincoln County
648,651.0,VALENTINE,NE,692,Cherry County
649,652.0,ALLIANCE,NE,693,Box Butte County
650,653.0,NEW ORLEANS,LA,700,Orleans Parish
651,654.0,NEW ORLEANS,LA,701,Orleans Parish
652,655.0,HOUMA,LA,703,Terrebonne Parish
653,656.0,MANDEVILLE,LA,704,St. Tammany Parish
654,657.0,LAFAYETTE,LA,705,Lafayette Parish
655,658.0,LAKE CHARLES,LA,706,Calcasieu Parish
656,659.0,BATON ROUGE,LA,707,East Baton Rouge Parish
657,660.0,BATON ROUGE,LA,708,East Baton Rouge Parish
658,661.0,SHREVEPORT,LA,710,Caddo Parish
659,662.0,SHREVEPORT,LA,711,Caddo Parish
660,663.0,MONROE,LA,712,Ouachita Parish
661,664.0,ALEXANDRIA,LA,713,Rapides Parish
662,665.0,ALEXANDRIA,LA,714,Rapides Parish
663,666.0,PINE BLUFF,AR,716,Jefferson County
664,667.0,CAMDEN,AR,717,Ouachita County
665,668.0,TEXARKANA,TX,718,Bowie County
666,670.0,HOT SPRINGS NATIONAL,AR,719,Garland County
667,671.0,LITTLE ROCK,AR,720,Pulaski County
668,672.0,LITTLE ROCK,AR,721,Pulaski County
669,673.0,LITTLE ROCK,AR,722,Pulaski County
670,360.0,MEMPHIS,TN,723,Shelby County
671,674.0,JONESBORO,AR,724,Craighead County
672,675.0,BATESVILLE,AR,725,Independence County
673,676.0,HARRISON,AR,726,Boone County
674,677.0,FAYETTEVILLE,AR,727,Washington County
675,678.0,RUSSELLVILLE,AR,728,Pope County
676,679.0,FORT SMITH,AR,729,Sebastian County
677,680.0,OKLAHOMA CITY,OK,730,Oklahoma County
678,681.0,OKLAHOMA CITY,OK,731,Oklahoma County
679,682.0,AUSTIN,TX,733,Travis County
680,686.0,ARDMORE,OK,734,Carter County
681,687.0,LAWTON,OK,735,Comanche County
682,688.0,CLINTON,OK,736,Custer County
683,689.0,ENID,OK,737,Garfield County
684,690.0,WOODWARD,OK,738,Woodward County
685,641.0,LIBERAL,KS,739,Seward County
686,691.0,TULSA,OK,740,Tulsa County
687,692.0,TULSA,OK,741,Tulsa County
688,693.0,TULSA,OK,743,Tulsa County
689,694.0,MUSKOGEE,OK,744,Muskogee County
690,695.0,MCALESTER,OK,745,Pittsburg County
691,696.0,PONCA CITY,OK,746,Osage County
692,697.0,DURANT,OK,747,Bryan County
693,698.0,SHAWNEE,OK,748,Pottawatomie County
694,699.0,POTEAU,OK,749,Le Flore County
695,700.0,COPPELL,TX,750,Denton County
696,701.0,DALLAS,TX,751,Dallas County
697,702.0,DALLAS,TX,752,Dallas County
698,703.0,DALLAS,TX,753,Dallas County
699,704.0,GREENVILLE,TX,754,Hunt County
700,669.0,TEXARKANA,TX,755,Bowie County
701,705.0,TYLER,TX,756,Smith County
702,706.0,TYLER,TX,757,Smith County
703,707.0,PALESTINE,TX,758,Anderson County
704,708.0,LUFKIN,TX,759,Angelina County
705,709.0,FORT WORTH,TX,760,Tarrant County
706,710.0,FORT WORTH,TX,761,Tarrant County
707,711.0,FORT WORTH,TX,762,Tarrant County
708,713.0,WICHITA FALLS,TX,763,Wichita County
709,712.0,FORT WORTH,TX,764,Tarrant County
710,714.0,WACO,TX,765,McLennan County
711,715.0,WACO,TX,766,McLennan County
712,716.0,WACO,TX,767,McLennan County
713,717.0,ABILENE,TX,768,Taylor County
714,720.0,MIDLAND,TX,769,Midland County
715,722.0,HOUSTON,TX,770,Harris County
716,723.0,HOUSTON,TX,771,Harris County
717,724.0,HOUSTON,TX,772,Harris County
718,725.0,NORTH HOUSTON,TX,773,Harris County
719,726.0,NORTH HOUSTON,TX,774,Harris County
720,727.0,NORTH HOUSTON,TX,775,Harris County
721,728.0,BEAUMONT,TX,776,Jefferson County
722,729.0,BEAUMONT,TX,777,Jefferson County
723,730.0,BRYAN,TX,778,Brazos County
724,731.0,VICTORIA,TX,779,Victoria County
725,732.0,SAN ANTONIO,TX,780,Bexar County
726,733.0,SAN ANTONIO,TX,781,Bexar County
727,734.0,SAN ANTONIO,TX,782,Bexar County
728,736.0,CORPUS CHRISTI,TX,783,Nueces County
729,737.0,CORPUS CHRISTI,TX,784,Nueces County
730,738.0,MCALLEN,TX,785,Hidalgo County
731,683.0,AUSTIN,TX,786,Travis County
732,684.0,AUSTIN,TX,787,Travis County
733,735.0,SAN ANTONIO,TX,788,Bexar County
734,685.0,AUSTIN,TX,789,Travis County
735,739.0,AMARILLO,TX,790,Randall County
736,740.0,AMARILLO,TX,791,Randall County
737,741.0,CHILDRESS,TX,792,Childress County
738,742.0,LUBBOCK,TX,793,Lubbock County
739,743.0,LUBBOCK,TX,794,Lubbock County
740,718.0,ABILENE,TX,795,Taylor County
741,719.0,ABILENE,TX,796,Taylor County
742,721.0,MIDLAND,TX,797,Midland County
743,744.0,EL PASO,TX,798,El Paso County
744,745.0,EL PASO,TX,799,El Paso County
745,747.0,DENVER,CO,800,Denver County
746,748.0,DENVER,CO,801,Denver County
747,749.0,DENVER,CO,802,Denver County
748,750.0,DENVER,CO,803,Denver County
749,751.0,DENVER,CO,804,Denver County
750,754.0,LONGMONT,CO,805,Boulder County
751,752.0,DENVER,CO,806,Denver County
752,753.0,DENVER,CO,807,Denver County
753,755.0,COLORADO SPRINGS,CO,808,El Paso County
754,756.0,COLORADO SPRINGS,CO,809,El Paso County
755,757.0,COLORADO SPRINGS,CO,810,El Paso County
756,758.0,ALAMOSA,CO,811,Alamosa County
757,759.0,SALIDA,CO,812,Chaffee County
758,760.0,DURANGO,CO,813,La Plata County
759,761.0,GRAND JUNCTION,CO,814,Mesa County
760,762.0,GRAND JUNCTION,CO,815,Mesa County
761,763.0,GLENWOOD SPRINGS,CO,816,Garfield County
762,764.0,CHEYENNE,WY,820,Laramie County
763,559.0,BILLINGS,MT,821,Yellowstone County
764,765.0,WHEATLAND,WY,822,Platte County
765,766.0,RAWLINS,WY,823,Carbon County
766,767.0,WORLAND,WY,824,Washakie County
767,768.0,RIVERTON,WY,825,Fremont County
768,769.0,CASPER,WY,826,Natrona County
769,770.0,GILLETTE,WY,827,Campbell County
770,771.0,SHERIDAN,WY,828,Sheridan County
771,772.0,ROCK SPRINGS,WY,829,Sweetwater County
772,773.0,ROCK SPRINGS,WY,830,Sweetwater County
773,774.0,ROCK SPRINGS,WY,831,Sweetwater County
774,775.0,POCATELLO,ID,832,Bannock County
775,777.0,TWIN FALLS,ID,833,Twin Falls County
776,776.0,POCATELLO,ID,834,Bannock County
777,778.0,LEWISTON,ID,835,Nez Perce County
778,780.0,BOISE,ID,836,Ada County
779,781.0,BOISE,ID,837,Ada County
780,783.0,SPOKANE,WA,838,Spokane County
781,787.0,SALT LAKE CITY,UT,840,Salt Lake County
782,788.0,SALT LAKE CITY,UT,841,Salt Lake County
783,789.0,SALT LAKE CITY,UT,842,Salt Lake County
784,790.0,SALT LAKE CITY,UT,843,Salt Lake County
785,791.0,SALT LAKE CITY,UT,844,Salt Lake County
786,792.0,PROVO,UT,845,Utah County
787,793.0,PROVO,UT,846,Utah County
788,794.0,PROVO,UT,847,Utah County
789,795.0,PHOENIX,AZ,850,Maricopa County
790,796.0,PHOENIX,AZ,852,Maricopa County
791,797.0,PHOENIX,AZ,853,Maricopa County
792,798.0,GLOBE,AZ,855,Gila County
793,799.0,TUCSON,AZ,856,Pima County
794,800.0,TUCSON,AZ,857,Pima County
795,801.0,SHOW LOW,AZ,859,Navajo County
796,802.0,FLAGSTAFF,AZ,860,Coconino County
797,803.0,PRESCOTT,AZ,863,Yavapai County
798,804.0,KINGMAN,AZ,864,Mohave County
799,805.0,GALLUP,NM,865,McKinley County
800,807.0,ALBUQUERQUE,NM,870,Bernalillo County
801,808.0,ALBUQUERQUE,NM,871,Bernalillo County
802,809.0,ALBUQUERQUE,NM,872,Bernalillo County
803,806.0,GALLUP,NM,873,McKinley County
804,811.0,FARMINGTON,NM,874,San Juan County
805,810.0,ALBUQUERQUE,NM,875,Bernalillo County
806,812.0,LAS VEGAS,NM,877,San Miguel County
807,813.0,SOCORRO,NM,878,Socorro County
808,814.0,TRUTH OR CONSEQUENCE,NM,879,Sierra County
809,815.0,LAS CRUCES,NM,880,Dona Ana County
810,816.0,CLOVIS,NM,881,Curry County
811,817.0,ROSWELL,NM,882,Chaves County
812,818.0,ALAMOGORDO,NM,883,Otero County
813,819.0,TUCUMCARI,NM,884,Quay County
814,746.0,EL PASO,TX,885,El Paso County
815,820.0,LAS VEGAS,NV,889,Clark County
816,821.0,LAS VEGAS,NV,890,Clark County
817,822.0,LAS VEGAS,NV,891,Clark County
818,823.0,ELY,NV,893,White Pine County
819,824.0,RENO,NV,894,Washoe County
820,825.0,RENO,NV,895,Washoe County
821,826.0,RENO,NV,897,Washoe County
822,828.0,ELKO,NV,898,Elko County
823,829.0,LOS ANGELES,CA,900,Los Angeles County
824,830.0,LOS ANGELES,CA,901,Los Angeles County
825,831.0,INGLEWOOD,CA,902,Los Angeles County
826,832.0,INGLEWOOD,CA,903,Los Angeles County
827,833.0,INGLEWOOD,CA,904,Los Angeles County
828,834.0,LONG BEACH,CA,905,Los Angeles County
829,835.0,LONG BEACH,CA,906,Los Angeles County
830,836.0,LONG BEACH,CA,907,Los Angeles County
831,837.0,LONG BEACH,CA,908,Los Angeles County
832,838.0,PASADENA,CA,910,Los Angeles County
833,839.0,PASADENA,CA,911,Los Angeles County
834,840.0,PASADENA,CA,912,Los Angeles County
835,841.0,SANTA CLARITA,CA,913,Los Angeles County
836,842.0,SANTA CLARITA,CA,914,Los Angeles County
837,843.0,SANTA CLARITA,CA,915,Los Angeles County
838,844.0,SANTA CLARITA,CA,916,Los Angeles County
839,845.0,CITY OF INDUSTRY,CA,917,Los Angeles County
840,846.0,CITY OF INDUSTRY,CA,918,Los Angeles County
841,847.0,SAN DIEGO,CA,919,San Diego County
842,848.0,SAN DIEGO,CA,920,San Diego County
843,849.0,SAN DIEGO,CA,921,San Diego County
844,850.0,SAN BERNARDINO,CA,922,San Bernardino County
845,851.0,SAN BERNARDINO,CA,923,San Bernardino County
846,852.0,SAN BERNARDINO,CA,924,San Bernardino County
847,853.0,SAN BERNARDINO,CA,925,San Bernardino County
848,854.0,SANTA ANA,CA,926,Orange County
849,855.0,SANTA ANA,CA,927,Orange County
850,856.0,ANAHEIM,CA,928,Orange County
851,857.0,OXNARD,CA,930,Ventura County
852,858.0,GOLETA,CA,931,Santa Barbara County
853,860.0,BAKERSFIELD,CA,932,Kern County
854,861.0,BAKERSFIELD,CA,933,Kern County
855,859.0,GOLETA,CA,934,Santa Barbara County
856,862.0,MOJAVE,CA,935,Kern County
857,863.0,FRESNO,CA,936,Fresno County
858,864.0,FRESNO,CA,937,Fresno County
859,865.0,FRESNO,CA,938,Fresno County
860,866.0,SALINAS,CA,939,Monterey County
861,867.0,SAN FRANCISCO,CA,940,San Francisco County
862,868.0,SAN FRANCISCO,CA,941,San Francisco County
863,871.0,WEST SACRAMENTO,CA,942,Yolo County
864,869.0,SAN FRANCISCO,CA,943,San Francisco County
865,870.0,SAN FRANCISCO,CA,944,San Francisco County
866,875.0,OAKLAND,CA,945,Alameda County
867,876.0,OAKLAND,CA,946,Alameda County
868,877.0,OAKLAND,CA,947,Alameda County
869,878.0,OAKLAND,CA,948,Alameda County
870,879.0,PETALUMA,CA,949,Sonoma County
871,881.0,SAN JOSE,CA,950,Santa Clara County
872,882.0,SAN JOSE,CA,951,Santa Clara County
873,883.0,STOCKTON,CA,952,San Joaquin County
874,884.0,STOCKTON,CA,953,San Joaquin County
875,880.0,PETALUMA,CA,954,Sonoma County
876,885.0,EUREKA,CA,955,Humboldt County
877,872.0,WEST SACRAMENTO,CA,956,Yolo County
878,873.0,WEST SACRAMENTO,CA,957,Yolo County
879,874.0,WEST SACRAMENTO,CA,958,Yolo County
880,886.0,MARYSVILLE,CA,959,Yuba County
881,887.0,REDDING,CA,960,Shasta County
882,827.0,RENO,NV,961,Washoe County
883,888.0,HONOLULU,HI,967,Honolulu County
884,889.0,HONOLULU,HI,968,Honolulu County
885,890.0,BARRIGADA,GU,969,
886,891.0,PORTLAND,OR,970,Multnomah County
887,892.0,PORTLAND,OR,971,Multnomah County
888,893.0,PORTLAND,OR,972,Multnomah County
889,895.0,SALEM,OR,973,Marion County
890,896.0,SPRINGFIELD,OR,974,Lane County
891,897.0,MEDFORD,OR,975,Jackson County
892,898.0,KLAMATH FALLS,OR,976,Klamath County
893,899.0,BEND,OR,977,Deschutes County
894,900.0,PENDLETON,OR,978,Umatilla County
895,782.0,BOISE,ID,979,Ada County
896,901.0,SEATTLE,WA,980,King County
897,902.0,SEATTLE,WA,981,King County
898,903.0,EVERETT,WA,982,Snohomish County
899,904.0,TACOMA,WA,983,Pierce County
900,905.0,TACOMA,WA,984,Pierce County
901,906.0,TUMWATER,WA,985,Thurston County
902,894.0,PORTLAND,OR,986,Multnomah County
903,907.0,WENATCHEE,WA,988,Chelan County
904,908.0,YAKIMA,WA,989,Yakima County
905,784.0,SPOKANE,WA,990,Spokane County
906,785.0,SPOKANE,WA,991,Spokane County
907,786.0,SPOKANE,WA,992,Spokane County
908,909.0,PASCO,WA,993,Franklin County
909,779.0,LEWISTON,ID,994,Nez Perce County
910,910.0,ANCHORAGE,AK,995,Anchorage Borough/municipality
911,911.0,ANCHORAGE,AK,996,Anchorage Borough/municipality
912,912.0,FAIRBANKS,AK,997,Fairbanks North Star Borough
913,913.0,JUNEAU,AK,998,Juneau Borough/city
914,914.0,KETCHIKAN,AK,999,Ketchikan Gateway Borough
915,,MELVILLE,NY,005,Nassau County
919,,SAN JUAN,PR,006,San Juan Municipio
920,,SAN JUAN,PR,007,San Juan Municipio
921,,SAN JUAN,PR,008,San Juan Municipio
922,,SAN JUAN,PR,009,San Juan Municipio
923,,SPRINGFIELD,MA,010,Hampden County
924,,SPRINGFIELD,MA,011,Hampden County
925,,SPRINGFIELD,MA,012,Hampden County
926,,SPRINGFIELD,MA,013,Hampden County
927,,SHREWSBURY,MA,014,Worcester County
928,,SHREWSBURY,MA,015,Worcester County
929,,SHREWSBURY,MA,016,Worcester County
930,,SHREWSBURY,MA,017,Worcester County
931,,NORTH READING,MA,018,Middlesex County
932,,NORTH READING,MA,019,Middlesex County
934,,BROCKTON,MA,020,Plymouth County
936,,BOSTON,MA,021,Suffolk County
937,,BOSTON,MA,022,Suffolk County
935,,BROCKTON,MA,023,Plymouth County
938,,WALTHAM,MA,024,Middlesex County
939,,WAREHAM,MA,025,Plymouth County
940,,WAREHAM,MA,026,Plymouth County
941,,PROVIDENCE,RI,027,Providence County
942,,PROVIDENCE,RI,028,Providence County
943,,PROVIDENCE,RI,029,Providence County
944,,MANCHESTER,NH,030,Hillsborough County
945,,MANCHESTER,NH,031,Hillsborough County
946,,MANCHESTER,NH,032,Hillsborough County
947,,MANCHESTER,NH,033,Hillsborough County
948,,MANCHESTER,NH,034,Hillsborough County
949,,WHITE RIVER JUNCTION,VT,035,Windsor County
950,,WHITE RIVER JUNCTION,VT,036,Windsor County
951,,WHITE RIVER JUNCTION,VT,037,Windsor County
959,,PORTSMOUTH,NH,038,Rockingham County
960,,PORTSMOUTH,NH,039,Rockingham County
961,,SCARBOROUGH,ME,040,Cumberland County
962,,SCARBOROUGH,ME,041,Cumberland County
963,,SCARBOROUGH,ME,042,Cumberland County
964,,SCARBOROUGH,ME,043,Cumberland County
967,,HAMPDEN,ME,044,Penobscot County
965,,SCARBOROUGH,ME,045,Cumberland County
968,,HAMPDEN,ME,046,Penobscot County
969,,HAMPDEN,ME,047,Penobscot County
966,,SCARBOROUGH,ME,048,Cumberland County
970,,HAMPDEN,ME,049,Penobscot County
952,,WHITE RIVER JUNCTION,VT,050,Windsor County
953,,WHITE RIVER JUNCTION,VT,051,Windsor County
954,,WHITE RIVER JUNCTION,VT,052,Windsor County
955,,WHITE RIVER JUNCTION,VT,053,Windsor County
971,,ESSEX JUNCTION,VT,054,Chittenden County
933,,NORTH READING,MA,055,Middlesex County
972,,ESSEX JUNCTION,VT,056,Chittenden County
956,,WHITE RIVER JUNCTION,VT,057,Windsor County
957,,WHITE RIVER JUNCTION,VT,058,Windsor County
958,,WHITE RIVER JUNCTION,VT,059,Windsor County
973,,HARTFORD,CT,060,Hartford County
974,,HARTFORD,CT,061,Hartford County
975,,HARTFORD,CT,062,Hartford County
976,,WALLINGFORD,CT,063,New Haven County
977,,WALLINGFORD,CT,064,New Haven County
978,,WALLINGFORD,CT,065,New Haven County
979,,WALLINGFORD,CT,066,New Haven County
980,,WATERBURY,CT,067,New Haven County
981,,STAMFORD,CT,068,Fairfield County
982,,STAMFORD,CT,069,Fairfield County
983,,KEARNY,NJ,070,Hudson County
984,,KEARNY,NJ,071,Hudson County
985,,KEARNY,NJ,072,Hudson County
986,,KEARNY,NJ,073,Hudson County
987,,TETERBORO,NJ,074,Bergen County
988,,TETERBORO,NJ,075,Bergen County
989,,TETERBORO,NJ,076,Bergen County
990,,EATONTOWN,NJ,077,Monmouth County
991,,WHIPPANY,NJ,078,Morris County
992,,WHIPPANY,NJ,079,Morris County
993,,BELLMAWR,NJ,080,Camden County
994,,BELLMAWR,NJ,081,Camden County
995,,BELLMAWR,NJ,082,Camden County
996,,BELLMAWR,NJ,083,Camden County
997,,BELLMAWR,NJ,084,Camden County
998,,TRENTON,NJ,085,Mercer County
999,,TRENTON,NJ,086,Mercer County
1000,,TRENTON,NJ,087,Mercer County
1001,,EDISON,NJ,088,Middlesex County
1002,,EDISON,NJ,089,Middlesex County
1003,,NEW YORK,NY,100,New York County
1004,,NEW YORK,NY,101,New York County
1005,,NEW YORK,NY,102,New York County
1006,,STATEN ISLAND,NY,103,Richmond County
1007,,BRONX,NY,104,Bronx County
1008,,WHITE PLAINS,NY,105,Westchester County
1009,,WHITE PLAINS,NY,106,Westchester County
1010,,WHITE PLAINS,NY,107,Westchester County
1011,,WHITE PLAINS,NY,108,Westchester County
1012,,WHITE PLAINS,NY,109,Westchester County
1013,,FLUSHING,NY,110,Queens County
1014,,FLUSHING,NY,111,Queens County
1017,,BROOKLYN,NY,112,Kings County
1015,,FLUSHING,NY,113,Queens County
1016,,FLUSHING,NY,114,Queens County
1019,,GARDEN CITY,NY,115,Nassau County
1018,,BROOKLYN,NY,116,Kings County
916,,MELVILLE,NY,117,Nassau County
917,,MELVILLE,NY,118,Nassau County
918,,MELVILLE,NY,119,Nassau County
1020,,ALBANY,NY,120,Albany County
1021,,ALBANY,NY,121,Albany County
1022,,ALBANY,NY,122,Albany County
1023,,ALBANY,NY,123,Albany County
1024,,NEWBURGH,NY,124,Orange County
1025,,NEWBURGH,NY,125,Orange County
1026,,NEWBURGH,NY,126,Orange County
1027,,NEWBURGH,NY,127,Orange County
1028,,GLENS FALLS,NY,128,Warren County
1029,,PLATTSBURGH,NY,129,Clinton County
1030,,SYRACUSE,NY,130,Onondaga County
1031,,SYRACUSE,NY,131,Onondaga County
1032,,SYRACUSE,NY,132,Onondaga County
1033,,UTICA,NY,133,Oneida County
1034,,UTICA,NY,134,Oneida County
1035,,UTICA,NY,135,Oneida County
1036,,WATERTOWN,NY,136,Jefferson County
1037,,BINGHAMTON,NY,137,Broome County
1038,,BINGHAMTON,NY,138,Broome County
1039,,BINGHAMTON,NY,139,Broome County
1040,,BUFFALO,NY,140,Erie County
1041,,BUFFALO,NY,141,Erie County
1042,,BUFFALO,NY,142,Erie County
1043,,BUFFALO,NY,143,Erie County
1044,,ROCHESTER,NY,144,Monroe County
1045,,ROCHESTER,NY,145,Monroe County
1046,,ROCHESTER,NY,146,Monroe County
1047,,JAMESTOWN,NY,147,Chautauqua County
1048,,ELMIRA,NY,148,Chemung County
1049,,ELMIRA,NY,149,Chemung County
1050,,PITTSBURGH,PA,150,Allegheny County
1051,,PITTSBURGH,PA,151,Allegheny County
1052,,PITTSBURGH,PA,152,Allegheny County
1053,,PITTSBURGH,PA,153,Allegheny County
1054,,PITTSBURGH,PA,154,Allegheny County
1055,,DU BOIS,PA,155,Clearfield County
1059,,YOUNGWOOD,PA,156,Westmoreland County
1056,,DU BOIS,PA,157,Clearfield County
1057,,DU BOIS,PA,158,Clearfield County
1058,,DU BOIS,PA,159,Clearfield County
1060,,NEW CASTLE,PA,160,Lawrence County
1061,,NEW CASTLE,PA,161,Lawrence County
1062,,NEW CASTLE,PA,162,Lawrence County
1063,,OIL CITY,PA,163,Venango County
1064,,OIL CITY,PA,164,Venango County
1065,,OIL CITY,PA,165,Venango County
1067,,DUNCANSVILLE,PA,166,Blair County
1066,,OIL CITY,PA,167,Venango County
1068,,DUNCANSVILLE,PA,168,Blair County
1069,,WILLIAMSPORT,PA,169,Lycoming County
1071,,HARRISBURG,PA,170,Dauphin County
1072,,HARRISBURG,PA,171,Dauphin County
1073,,HARRISBURG,PA,172,Dauphin County
1075,,LANCASTER,PA,173,Lancaster County
1076,,LANCASTER,PA,174,Lancaster County
1077,,LANCASTER,PA,175,Lancaster County
1078,,LANCASTER,PA,176,Lancaster County
1070,,WILLIAMSPORT,PA,177,Lycoming County
1074,,HARRISBURG,PA,178,Dauphin County
1079,,READING,PA,179,Berks County
1082,,LEHIGH VALLEY,PA,180,Lehigh County
1083,,LEHIGH VALLEY,PA,181,Lehigh County
1085,,WILKES BARRE,PA,182,Luzerne County
1084,,LEHIGH VALLEY,PA,183,Lehigh County
1088,,SCRANTON,PA,184,Lackawanna County
1089,,SCRANTON,PA,185,Lackawanna County
1086,,WILKES BARRE,PA,186,Luzerne County
1087,,WILKES BARRE,PA,187,Luzerne County
1090,,SCRANTON,PA,188,Lackawanna County
1091,,SOUTHEASTERN,PA,189,Montgomery County
1094,,PHILADELPHIA,PA,190,Philadelphia County
1095,,PHILADELPHIA,PA,191,Philadelphia County
1096,,PHILADELPHIA,PA,192,Philadelphia County
1092,,SOUTHEASTERN,PA,193,Montgomery County
1093,,SOUTHEASTERN,PA,194,Montgomery County
1080,,READING,PA,195,Berks County
1081,,READING,PA,196,Berks County
1097,,WILMINGTON,DE,197,New Castle County
1098,,WILMINGTON,DE,198,New Castle County
1099,,WILMINGTON,DE,199,New Castle County
1100,,WASHINGTON,DC,200,Washington County
1105,,DULLES,VA,201,Loudoun County
1101,,WASHINGTON,DC,202,Washington County
1102,,WASHINGTON,DC,203,Washington County
1103,,WASHINGTON,DC,204,Washington County
1104,,WASHINGTON,DC,205,Washington County
1106,,CAPITOL HEIGHTS,MD,206,Prince George's County
1107,,CAPITOL HEIGHTS,MD,207,Prince George's County
1108,,GAITHERSBURG,MD,208,Montgomery County
1109,,GAITHERSBURG,MD,209,Montgomery County
1110,,LINTHICUM HEIGHTS,MD,210,Anne Arundel County
1111,,LINTHICUM HEIGHTS,MD,211,Anne Arundel County
1113,,BALTIMORE,MD,212,Baltimore County
1112,,LINTHICUM HEIGHTS,MD,214,Anne Arundel County
1115,,CUMBERLAND,MD,215,Allegany County
1117,,EASTON,MD,216,Talbot County
1119,,FREDERICK,MD,217,Frederick County
1118,,EASTON,MD,218,Talbot County
1114,,BALTIMORE,MD,219,Baltimore County
1120,,MERRIFIELD,VA,220,Fairfax County
1121,,MERRIFIELD,VA,221,Fairfax County
1122,,MERRIFIELD,VA,222,Fairfax County
1123,,MERRIFIELD,VA,223,Fairfax County
1124,,SANDSTON,VA,224,Henrico County
1125,,SANDSTON,VA,225,Henrico County
1130,,WINCHESTER,VA,226,Frederick County
1131,,CULPEPER,VA,227,Culpeper County
1132,,CHARLOTTESVILLE,VA,228,Albemarle County
1133,,CHARLOTTESVILLE,VA,229,Albemarle County
1126,,SANDSTON,VA,230,Henrico County
1127,,SANDSTON,VA,231,Henrico County
1128,,SANDSTON,VA,232,Henrico County
1135,,NORFOLK,VA,233,Norfolk city
1136,,NORFOLK,VA,234,Norfolk city
1137,,NORFOLK,VA,235,Norfolk city
1138,,NORFOLK,VA,236,Norfolk city
1139,,NORFOLK,VA,237,Norfolk city
1129,,SANDSTON,VA,238,Henrico County
1140,,FARMVILLE,VA,239,Prince Edward County
1141,,ROANOKE,VA,240,Roanoke County
1142,,ROANOKE,VA,241,Roanoke County
1144,,BRISTOL,VA,242,Washington County
1143,,ROANOKE,VA,243,Roanoke County
1134,,CHARLOTTESVILLE,VA,244,Albemarle County
1145,,LYNCHBURG,VA,245,Campbell County
1146,,BLUEFIELD,WV,246,Mercer County
1147,,BLUEFIELD,WV,247,Mercer County
1148,,BLUEFIELD,WV,248,Mercer County
1149,,LEWISBURG,WV,249,Greenbrier County
1150,,CHARLESTON,WV,250,Kanawha County
1151,,CHARLESTON,WV,251,Kanawha County
1152,,CHARLESTON,WV,252,Kanawha County
1153,,CHARLESTON,WV,253,Kanawha County
1154,,MARTINSBURG,WV,254,Berkeley County
1155,,HUNTINGTON,WV,255,Cabell County
1156,,HUNTINGTON,WV,256,Cabell County
1157,,HUNTINGTON,WV,257,Cabell County
1158,,BECKLEY,WV,258,Raleigh County
1159,,BECKLEY,WV,259,Raleigh County
1160,,WHEELING,WV,260,Ohio County
1161,,PARKERSBURG,WV,261,Wood County
1162,,CLARKSBURG,WV,262,Harrison County
1163,,CLARKSBURG,WV,263,Harrison County
1164,,CLARKSBURG,WV,264,Harrison County
1165,,CLARKSBURG,WV,265,Harrison County
1166,,GASSAWAY,WV,266,Braxton County
1116,,CUMBERLAND,MD,267,Allegany County
1167,,PETERSBURG,WV,268,Grant County
1168,,GREENSBORO,NC,270,Guilford County
1169,,GREENSBORO,NC,271,Guilford County
1170,,GREENSBORO,NC,272,Guilford County
1171,,GREENSBORO,NC,273,Guilford County
1172,,GREENSBORO,NC,274,Guilford County
1173,,RALEIGH,NC,275,Wake County
1174,,RALEIGH,NC,276,Wake County
1175,,RALEIGH,NC,277,Wake County
1176,,ROCKY MOUNT,NC,278,Nash County
1177,,ROCKY MOUNT,NC,279,Nash County
1178,,CHARLOTTE,NC,280,Mecklenburg County
1179,,CHARLOTTE,NC,281,Mecklenburg County
1180,,CHARLOTTE,NC,282,Mecklenburg County
1182,,FAYETTEVILLE,NC,283,Cumberland County
1183,,FAYETTEVILLE,NC,284,Cumberland County
1184,,KINSTON,NC,285,Lenoir County
1185,,HICKORY,NC,286,Catawba County
1186,,ASHEVILLE,NC,287,Buncombe County
1187,,ASHEVILLE,NC,288,Buncombe County
1188,,ASHEVILLE,NC,289,Buncombe County
1189,,WEST COLUMBIA,SC,290,Lexington County
1190,,WEST COLUMBIA,SC,291,Lexington County
1191,,WEST COLUMBIA,SC,292,Lexington County
1192,,GREENVILLE,SC,293,Greenville County
1194,,NORTH CHARLESTON,SC,294,Charleston County
1195,,FLORENCE,SC,295,Florence County
1193,,GREENVILLE,SC,296,Greenville County
1181,,CHARLOTTE,NC,297,Mecklenburg County
1196,,AUGUSTA,GA,298,Richmond County
1199,,SAVANNAH,GA,299,Chatham County
1202,,DULUTH,GA,300,Gwinnett County
1203,,DULUTH,GA,301,Gwinnett County
1204,,ATLANTA,GA,302,Fulton County
1205,,ATLANTA,GA,303,Fulton County
1208,,SWAINSBORO,GA,304,Emanuel County
1209,,ATHENS,GA,305,Clarke County
1210,,ATHENS,GA,306,Clarke County
1211,,CHATTANOOGA,TN,307,Hamilton County
1197,,AUGUSTA,GA,308,Richmond County
1198,,AUGUSTA,GA,309,Richmond County
1214,,MACON,GA,310,Bibb County
1206,,ATLANTA,GA,311,Fulton County
1215,,MACON,GA,312,Bibb County
1200,,SAVANNAH,GA,313,Chatham County
1201,,SAVANNAH,GA,314,Chatham County
1216,,WAYCROSS,GA,315,Ware County
1217,,VALDOSTA,GA,316,Lowndes County
1218,,ALBANY,GA,317,Dougherty County
1220,,COLUMBUS,GA,318,Muscogee County
1221,,COLUMBUS,GA,319,Muscogee County
1222,,JACKSONVILLE,FL,320,Duval County
1224,,DAYTONA BEACH,FL,321,Volusia County
1223,,JACKSONVILLE,FL,322,Duval County
1225,,TALLAHASSEE,FL,323,Leon County
1226,,PANAMA CITY,FL,324,Bay County
1227,,PENSACOLA,FL,325,Escambia County
1228,,GAINESVILLE,FL,326,Alachua County
1230,,MID FLORIDA,FL,327,Seminole County
1231,,ORLANDO,FL,328,Orange County
1232,,ORLANDO,FL,329,Orange County
1234,,PEMBROKE PINES,FL,330,Broward County
1235,,MIAMI,FL,331,Miami-Dade County
1236,,MIAMI,FL,332,Miami-Dade County
1237,,FORT LAUDERDALE,FL,333,Broward County
1238,,WEST PALM BEACH,FL,334,Palm Beach County
1240,,TAMPA,FL,335,Hillsborough County
1241,,TAMPA,FL,336,Hillsborough County
1243,,SAINT PETERSBURG,FL,337,Pinellas County
1244,,LAKELAND,FL,338,Polk County
1245,,FORT MYERS,FL,339,Lee County
1246,,FORT MYERS,FL,341,Lee County
1247,,SARASOTA,FL,342,Sarasota County
1229,,GAINESVILLE,FL,344,Alachua County
1242,,TAMPA,FL,346,Hillsborough County
1233,,ORLANDO,FL,347,Orange County
1239,,WEST PALM BEACH,FL,349,Palm Beach County
1248,,BIRMINGHAM,AL,350,Jefferson County
1249,,BIRMINGHAM,AL,351,Jefferson County
1250,,BIRMINGHAM,AL,352,Jefferson County
1253,,TUSCALOOSA,AL,354,Tuscaloosa County
1251,,BIRMINGHAM,AL,355,Jefferson County
1254,,HUNTSVILLE,AL,356,Madison County
1255,,HUNTSVILLE,AL,357,Madison County
1256,,HUNTSVILLE,AL,358,Madison County
1252,,BIRMINGHAM,AL,359,Jefferson County
1257,,MONTGOMERY,AL,360,Montgomery County
1258,,MONTGOMERY,AL,361,Montgomery County
1261,,ANNISTON,AL,362,Calhoun County
1262,,DOTHAN,AL,363,Houston County
1263,,EVERGREEN,AL,364,Conecuh County
1264,,MOBILE,AL,365,Mobile County
1265,,MOBILE,AL,366,Mobile County
1259,,MONTGOMERY,AL,367,Montgomery County
1260,,MONTGOMERY,AL,368,Montgomery County
1266,,MERIDIAN,MS,369,Lauderdale County
1268,,NASHVILLE,TN,370,Davidson County
1269,,NASHVILLE,TN,371,Davidson County
1270,,NASHVILLE,TN,372,Davidson County
1212,,CHATTANOOGA,TN,373,Hamilton County
1213,,CHATTANOOGA,TN,374,Hamilton County
1271,,MEMPHIS,TN,375,Shelby County
1276,,JOHNSON CITY,TN,376,Sullivan County
1277,,KNOXVILLE,TN,377,Knox County
1278,,KNOXVILLE,TN,378,Knox County
1279,,KNOXVILLE,TN,379,Knox County
1272,,MEMPHIS,TN,380,Shelby County
1273,,MEMPHIS,TN,381,Shelby County
1280,,MC KENZIE,TN,382,Carroll County
1281,,JACKSON,TN,383,Madison County
1282,,COLUMBIA,TN,384,Maury County
1283,,COOKEVILLE,TN,385,Putnam County
1274,,MEMPHIS,TN,386,Shelby County
1284,,GREENVILLE,MS,387,Washington County
1285,,TUPELO,MS,388,Lee County
1286,,GRENADA,MS,389,Grenada County
1287,,JACKSON,MS,390,Hinds County
1288,,JACKSON,MS,391,Hinds County
1289,,JACKSON,MS,392,Hinds County
1267,,MERIDIAN,MS,393,Lauderdale County
1290,,HATTIESBURG,MS,394,Forrest County
1291,,GULFPORT,MS,395,Harrison County
1292,,MCCOMB,MS,396,Pike County
1293,,COLUMBUS,MS,397,Lowndes County
1219,,ALBANY,GA,398,Dougherty County
1207,,ATLANTA,GA,399,Fulton County
1294,,LOUISVILLE,KY,400,Jefferson County
1295,,LOUISVILLE,KY,401,Jefferson County
1296,,LOUISVILLE,KY,402,Jefferson County
1298,,LEXINGTON,KY,403,Fayette County
1299,,LEXINGTON,KY,404,Fayette County
1300,,LEXINGTON,KY,405,Fayette County
1301,,LEXINGTON,KY,406,Fayette County
1302,,LONDON,KY,407,Laurel County
1303,,LONDON,KY,408,Laurel County
1304,,LONDON,KY,409,Laurel County
1305,,CINCINNATI,OH,410,Hamilton County
1311,,ASHLAND,KY,411,Boyd County
1312,,ASHLAND,KY,412,Boyd County
1313,,SPUR CAMPTON,KY,413,Wolfe County
1314,,SPUR CAMPTON,KY,414,Wolfe County
1315,,PIKEVILLE,KY,415,Pike County
1316,,PIKEVILLE,KY,416,Pike County
1317,,HAZARD,KY,417,Perry County
1318,,HAZARD,KY,418,Perry County
1319,,PADUCAH,KY,420,McCracken County
1320,,BOWLING GREEN,KY,421,Warren County
1321,,BOWLING GREEN,KY,422,Warren County
1322,,OWENSBORO,KY,423,Daviess County
1323,,EVANSVILLE,IN,424,Vanderburgh County
1326,,SOMERSET,KY,425,Pulaski County
1327,,SOMERSET,KY,426,Pulaski County
1328,,ELIZABETHTOWN,KY,427,Hardin County
1329,,COLUMBUS,OH,430,Franklin County
1330,,COLUMBUS,OH,431,Franklin County
1331,,COLUMBUS,OH,432,Franklin County
1332,,COLUMBUS,OH,433,Franklin County
1333,,TOLEDO,OH,434,Lucas County
1334,,TOLEDO,OH,435,Lucas County
1335,,TOLEDO,OH,436,Lucas County
1336,,ZANESVILLE,OH,437,Muskingum County
1337,,ZANESVILLE,OH,438,Muskingum County
1338,,STEUBENVILLE,OH,439,Jefferson County
1339,,CLEVELAND,OH,440,Cuyahoga County
1340,,CLEVELAND,OH,441,Cuyahoga County
1341,,AKRON,OH,442,Summit County
1342,,AKRON,OH,443,Summit County
1343,,YOUNGSTOWN,OH,444,Mahoning County
1344,,YOUNGSTOWN,OH,445,Mahoning County
1345,,CANTON,OH,446,Stark County
1346,,CANTON,OH,447,Stark County
1347,,MANSFIELD,OH,448,Richland County
1348,,MANSFIELD,OH,449,Richland County
1306,,CINCINNATI,OH,450,Hamilton County
1307,,CINCINNATI,OH,451,Hamilton County
1308,,CINCINNATI,OH,452,Hamilton County
1349,,DAYTON,OH,453,Montgomery County
1350,,DAYTON,OH,454,Montgomery County
1351,,DAYTON,OH,455,Montgomery County
1352,,CHILLICOTHE,OH,456,Ross County
1353,,ATHENS,OH,457,Athens County
1354,,LIMA,OH,458,Allen County
1309,,CINCINNATI,OH,459,Hamilton County
1355,,INDIANAPOLIS,IN,460,Marion County
1356,,INDIANAPOLIS,IN,461,Marion County
1357,,INDIANAPOLIS,IN,462,Marion County
1358,,GARY,IN,463,Lake County
1359,,GARY,IN,464,Lake County
1360,,SOUTH BEND,IN,465,St. Joseph County
1361,,SOUTH BEND,IN,466,St. Joseph County
1362,,FORT WAYNE,IN,467,Allen County
1363,,FORT WAYNE,IN,468,Allen County
1364,,KOKOMO,IN,469,Howard County
1310,,CINCINNATI,OH,470,Hamilton County
1297,,LOUISVILLE,KY,471,Jefferson County
1365,,COLUMBUS,IN,472,Bartholomew County
1366,,MUNCIE,IN,473,Delaware County
1367,,BLOOMINGTON,IN,474,Monroe County
1368,,TERRE HAUTE,IN,475,Vigo County
1324,,EVANSVILLE,IN,476,Vanderburgh County
1325,,EVANSVILLE,IN,477,Vanderburgh County
1369,,TERRE HAUTE,IN,478,Vigo County
1370,,LAFAYETTE,IN,479,Tippecanoe County
1371,,PONTIAC,MI,480,Oakland County
1373,,DETROIT,MI,481,Wayne County
1374,,DETROIT,MI,482,Wayne County
1372,,PONTIAC,MI,483,Oakland County
1375,,FLINT,MI,484,Genesee County
1376,,FLINT,MI,485,Genesee County
1377,,SAGINAW,MI,486,Saginaw County
1378,,SAGINAW,MI,487,Saginaw County
1379,,LANSING,MI,488,Ingham County
1380,,LANSING,MI,489,Ingham County
1381,,KALAMAZOO,MI,490,Kalamazoo County
1382,,KALAMAZOO,MI,491,Kalamazoo County
1383,,JACKSON,MI,492,Jackson County
1384,,GRAND RAPIDS,MI,493,Kent County
1385,,GRAND RAPIDS,MI,494,Kent County
1386,,GRAND RAPIDS,MI,495,Kent County
1387,,TRAVERSE CITY,MI,496,Grand Traverse County
1388,,GAYLORD,MI,497,Otsego County
1389,,KINGSFORD,MI,498,Dickinson County
1390,,KINGSFORD,MI,499,Dickinson County
1391,,DES MOINES,IA,500,Polk County
1392,,DES MOINES,IA,501,Polk County
1393,,DES MOINES,IA,502,Polk County
1394,,DES MOINES,IA,503,Polk County
1397,,WATERLOO,IA,504,Black Hawk County
1400,,FORT DODGE,IA,505,Webster County
1398,,WATERLOO,IA,506,Black Hawk County
1399,,WATERLOO,IA,507,Black Hawk County
1401,,CRESTON,IA,508,Union County
1395,,DES MOINES,IA,509,Polk County
1402,,SIOUX CITY,IA,510,Woodbury County
1403,,SIOUX CITY,IA,511,Woodbury County
1404,,SIOUX CITY,IA,512,Woodbury County
1405,,SIOUX CITY,IA,513,Woodbury County
1406,,CARROLL,IA,514,Carroll County
1407,,OMAHA,NE,515,Douglas County
1408,,OMAHA,NE,516,Douglas County
1411,,DUBUQUE,IA,520,Dubuque County
1412,,DECORAH,IA,521,Winneshiek County
1413,,CEDAR RAPIDS,IA,522,Linn County
1414,,CEDAR RAPIDS,IA,523,Linn County
1415,,CEDAR RAPIDS,IA,524,Linn County
1396,,DES MOINES,IA,525,Polk County
1416,,BURLINGTON,IA,526,Des Moines County
1417,,MILAN,IL,527,Rock Island County
1418,,MILAN,IL,528,Rock Island County
1420,,MILWAUKEE,WI,530,Milwaukee County
1421,,MILWAUKEE,WI,531,Milwaukee County
1422,,MILWAUKEE,WI,532,Milwaukee County
1423,,MILWAUKEE,WI,534,Milwaukee County
1424,,MADISON,WI,535,Dane County
1425,,MADISON,WI,537,Dane County
1426,,MADISON,WI,538,Dane County
1427,,PORTAGE,WI,539,Columbia County
1428,,EAGAN,MN,540,Dakota County
1431,,GREEN BAY,WI,541,Brown County
1432,,GREEN BAY,WI,542,Brown County
1433,,GREEN BAY,WI,543,Brown County
1434,,ROTHSCHILD,WI,544,Marathon County
1435,,RHINELANDER,WI,545,Oneida County
1436,,LA CROSSE,WI,546,La Crosse County
1437,,EAU CLAIRE,WI,547,Eau Claire County
1438,,SPOONER,WI,548,Washburn County
1439,,OSHKOSH,WI,549,Winnebago County
1429,,EAGAN,MN,550,Dakota County
1430,,EAGAN,MN,551,Dakota County
1440,,MINNEAPOLIS,MN,553,Hennepin County
1441,,MINNEAPOLIS,MN,554,Hennepin County
1442,,MINNEAPOLIS,MN,555,Hennepin County
1443,,DULUTH,MN,556,St. Louis County
1444,,DULUTH,MN,557,St. Louis County
1445,,DULUTH,MN,558,St. Louis County
1446,,ROCHESTER,MN,559,Olmsted County
1447,,MANKATO,MN,560,Blue Earth County
1448,,MANKATO,MN,561,Blue Earth County
1449,,WILLMAR,MN,562,Kandiyohi County
1450,,WAITE PARK,MN,563,Stearns County
1451,,BRAINERD,MN,564,Crow Wing County
1452,,DETROIT LAKES,MN,565,Becker County
1453,,BEMIDJI,MN,566,Beltrami County
1454,,GRAND FORKS,ND,567,Grand Forks County
1456,,SIOUX FALLS,SD,570,Minnehaha County
1457,,SIOUX FALLS,SD,571,Minnehaha County
1458,,HURON,SD,572,Beadle County
1459,,HURON,SD,573,Beadle County
1460,,ABERDEEN,SD,574,Brown County
1461,,PIERRE,SD,575,Hughes County
1462,,MOBRIDGE,SD,576,Walworth County
1463,,RAPID CITY,SD,577,Pennington County
1464,,FARGO,ND,580,Cass County
1465,,FARGO,ND,581,Cass County
1455,,GRAND FORKS,ND,582,Grand Forks County
1466,,DEVILS LAKE,ND,583,Ramsey County
1467,,JAMESTOWN,ND,584,Stutsman County
1468,,BISMARCK,ND,585,Burleigh County
1469,,BISMARCK,ND,586,Burleigh County
1470,,MINOT,ND,587,Ward County
1471,,WILLISTON,ND,588,Williams County
1472,,BILLINGS,MT,590,Yellowstone County
1473,,BILLINGS,MT,591,Yellowstone County
1475,,WOLF POINT,MT,592,Roosevelt County
1476,,MILES CITY,MT,593,Custer County
1477,,GREAT FALLS,MT,594,Cascade County
1478,,HAVRE,MT,595,Hill County
1479,,HELENA,MT,596,Lewis and Clark County
1480,,BUTTE,MT,597,Silver Bow County
1481,,MISSOULA,MT,598,Missoula County
1482,,KALISPELL,MT,599,Flathead County
1483,,PALATINE,IL,600,Cook County
1485,,CAROL STREAM,IL,601,DuPage County
1484,,PALATINE,IL,602,Cook County
1486,,CAROL STREAM,IL,603,DuPage County
1487,,BEDFORD PARK,IL,604,Cook County
1488,,FOX VALLEY,IL,605, Kane County
1489,,CHICAGO,IL,606,Cook County
1490,,CHICAGO,IL,607,Cook County
1491,,CHICAGO,IL,608,Cook County
1492,,KANKAKEE,IL,609,Kankakee County
1493,,ROCKFORD,IL,610,Winnebago County
1494,,ROCKFORD,IL,611,Winnebago County
1419,,MILAN,IL,612,Rock Island County
1495,,LA SALLE,IL,613,LaSalle County
1496,,GALESBURG,IL,614,Knox County
1497,,PEORIA,IL,615,Peoria County
1498,,PEORIA,IL,616,Peoria County
1499,,BLOOMINGTON,IL,617,McLean County
1500,,CHAMPAIGN,IL,618,Champaign County
1501,,CHAMPAIGN,IL,619,Champaign County
1502,,SAINT LOUIS,MO,620,Saint Louis County
1503,,SAINT LOUIS,MO,622,Saint Louis County
1507,,QUINCY,IL,623,Adams County
1510,,EFFINGHAM,IL,624,Effingham County
1511,,SPRINGFIELD,IL,625,Sangamon County
1512,,SPRINGFIELD,IL,626,Sangamon County
1513,,SPRINGFIELD,IL,627,Sangamon County
1514,,CENTRALIA,IL,628,Jefferson County
1515,,CARBONDALE,IL,629,Jackson County
1504,,SAINT LOUIS,MO,630,Saint Louis County
1505,,SAINT LOUIS,MO,631,Saint Louis County
1506,,SAINT LOUIS,MO,633,Saint Louis County
1508,,QUINCY,IL,634,Adams County
1509,,QUINCY,IL,635,Adams County
1516,,CAPE GIRARDEAU,MO,636,Cape Girardeau County
1517,,CAPE GIRARDEAU,MO,637,Cape Girardeau County
1518,,CAPE GIRARDEAU,MO,638,Cape Girardeau County
1519,,CAPE GIRARDEAU,MO,639,Cape Girardeau County
1520,,KANSAS CITY,MO,640,Jackson County
1521,,KANSAS CITY,MO,641,Jackson County
1523,,SAINT JOSEPH,MO,644,Buchanan County
1524,,SAINT JOSEPH,MO,645,Buchanan County
1525,,CHILLICOTHE,MO,646,Livingston County
1526,,HARRISONVILLE,MO,647,Cass County
1527,,SPRINGFIELD,MO,648,Greene County
1522,,KANSAS CITY,MO,649,Jackson County
1533,,COLUMBIA,MO,650,Boone County
1534,,COLUMBIA,MO,651,Boone County
1535,,COLUMBIA,MO,652,Boone County
1536,,COLUMBIA,MO,653,Boone County
1528,,SPRINGFIELD,MO,654,Greene County
1529,,SPRINGFIELD,MO,655,Greene County
1530,,SPRINGFIELD,MO,656,Greene County
1531,,SPRINGFIELD,MO,657,Greene County
1532,,SPRINGFIELD,MO,658,Greene County
1537,,KANSAS CITY,KS,660,Wyandotte County
1538,,KANSAS CITY,KS,661,Wyandotte County
1539,,KANSAS CITY,KS,662,Wyandotte County
1540,,TOPEKA,KS,664,Shawnee County
1541,,TOPEKA,KS,665,Shawnee County
1542,,TOPEKA,KS,666,Shawnee County
1544,,FORT SCOTT,KS,667,Bourbon County
1543,,TOPEKA,KS,668,Shawnee County
1545,,SALINA,KS,669,Saline County
1547,,WICHITA,KS,670,Sedgwick County
1548,,WICHITA,KS,671,Sedgwick County
1549,,WICHITA,KS,672,Sedgwick County
1550,,INDEPENDENCE,KS,673,Montgomery County
1546,,SALINA,KS,674,Saline County
1551,,HUTCHINSON,KS,675,Reno County
1552,,HAYS,KS,676,Ellis County
1553,,COLBY,KS,677,Thomas County
1554,,DODGE CITY,KS,678,Ford County
1555,,LIBERAL,KS,679,Seward County
1409,,OMAHA,NE,680,Douglas County
1410,,OMAHA,NE,681,Douglas County
1557,,LINCOLN,NE,683,Lancaster County
1558,,LINCOLN,NE,684,Lancaster County
1559,,LINCOLN,NE,685,Lancaster County
1560,,NORFOLK,NE,686,Madison County
1561,,NORFOLK,NE,687,Madison County
1562,,GRAND ISLAND,NE,688,Hall County
1563,,GRAND ISLAND,NE,689,Hall County
1564,,MC COOK,NE,690,Red Willow County
1565,,NORTH PLATTE,NE,691,Lincoln County
1566,,VALENTINE,NE,692,Cherry County
1567,,ALLIANCE,NE,693,Box Butte County
1568,,NEW ORLEANS,LA,700,Orleans Parish
1569,,NEW ORLEANS,LA,701,Orleans Parish
1570,,HOUMA,LA,703,Terrebonne Parish
1571,,MANDEVILLE,LA,704,St. Tammany Parish
1572,,LAFAYETTE,LA,705,Lafayette Parish
1573,,LAKE CHARLES,LA,706,Calcasieu Parish
1574,,BATON ROUGE,LA,707,East Baton Rouge Parish
1575,,BATON ROUGE,LA,708,East Baton Rouge Parish
1576,,SHREVEPORT,LA,710,Caddo Parish
1577,,SHREVEPORT,LA,711,Caddo Parish
1578,,MONROE,LA,712,Ouachita Parish
1579,,ALEXANDRIA,LA,713,Rapides Parish
1580,,ALEXANDRIA,LA,714,Rapides Parish
1581,,PINE BLUFF,AR,716,Jefferson County
1582,,CAMDEN,AR,717,Ouachita County
1583,,TEXARKANA,TX,718,Bowie County
1585,,HOT SPRINGS NATIONAL,AR,719,Garland County
1586,,LITTLE ROCK,AR,720,Pulaski County
1587,,LITTLE ROCK,AR,721,Pulaski County
1588,,LITTLE ROCK,AR,722,Pulaski County
1275,,MEMPHIS,TN,723,Shelby County
1589,,JONESBORO,AR,724,Craighead County
1590,,BATESVILLE,AR,725,Independence County
1591,,HARRISON,AR,726,Boone County
1592,,FAYETTEVILLE,AR,727,Washington County
1593,,RUSSELLVILLE,AR,728,Pope County
1594,,FORT SMITH,AR,729,Sebastian County
1595,,OKLAHOMA CITY,OK,730,Oklahoma County
1596,,OKLAHOMA CITY,OK,731,Oklahoma County
1597,,AUSTIN,TX,733,Travis County
1601,,ARDMORE,OK,734,Carter County
1602,,LAWTON,OK,735,Comanche County
1603,,CLINTON,OK,736,Custer County
1604,,ENID,OK,737,Garfield County
1605,,WOODWARD,OK,738,Woodward County
1556,,LIBERAL,KS,739,Seward County
1606,,TULSA,OK,740,Tulsa County
1607,,TULSA,OK,741,Tulsa County
1608,,TULSA,OK,743,Tulsa County
1609,,MUSKOGEE,OK,744,Muskogee County
1610,,MCALESTER,OK,745,Pittsburg County
1611,,PONCA CITY,OK,746,Osage County
1612,,DURANT,OK,747,Bryan County
1613,,SHAWNEE,OK,748,Pottawatomie County
1614,,POTEAU,OK,749,Le Flore County
1615,,COPPELL,TX,750,Denton County
1616,,DALLAS,TX,751,Dallas County
1617,,DALLAS,TX,752,Dallas County
1618,,DALLAS,TX,753,Dallas County
1619,,GREENVILLE,TX,754,Hunt County
1584,,TEXARKANA,TX,755,Bowie County
1620,,TYLER,TX,756,Smith County
1621,,TYLER,TX,757,Smith County
1622,,PALESTINE,TX,758,Anderson County
1623,,LUFKIN,TX,759,Angelina County
1624,,FORT WORTH,TX,760,Tarrant County
1625,,FORT WORTH,TX,761,Tarrant County
1626,,FORT WORTH,TX,762,Tarrant County
1628,,WICHITA FALLS,TX,763,Wichita County
1627,,FORT WORTH,TX,764,Tarrant County
1629,,WACO,TX,765,McLennan County
1630,,WACO,TX,766,McLennan County
1631,,WACO,TX,767,McLennan County
1632,,ABILENE,TX,768,Taylor County
1635,,MIDLAND,TX,769,Midland County
1637,,HOUSTON,TX,770,Harris County
1638,,HOUSTON,TX,771,Harris County
1639,,HOUSTON,TX,772,Harris County
1640,,NORTH HOUSTON,TX,773,Harris County
1641,,NORTH HOUSTON,TX,774,Harris County
1642,,NORTH HOUSTON,TX,775,Harris County
1643,,BEAUMONT,TX,776,Jefferson County
1644,,BEAUMONT,TX,777,Jefferson County
1645,,BRYAN,TX,778,Brazos County
1646,,VICTORIA,TX,779,Victoria County
1647,,SAN ANTONIO,TX,780,Bexar County
1648,,SAN ANTONIO,TX,781,Bexar County
1649,,SAN ANTONIO,TX,782,Bexar County
1651,,CORPUS CHRISTI,TX,783,Nueces County
1652,,CORPUS CHRISTI,TX,784,Nueces County
1653,,MCALLEN,TX,785,Hidalgo County
1598,,AUSTIN,TX,786,Travis County
1599,,AUSTIN,TX,787,Travis County
1650,,SAN ANTONIO,TX,788,Bexar County
1600,,AUSTIN,TX,789,Travis County
1654,,AMARILLO,TX,790,Randall County
1655,,AMARILLO,TX,791,Randall County
1656,,CHILDRESS,TX,792,Childress County
1657,,LUBBOCK,TX,793,Lubbock County
1658,,LUBBOCK,TX,794,Lubbock County
1633,,ABILENE,TX,795,Taylor County
1634,,ABILENE,TX,796,Taylor County
1636,,MIDLAND,TX,797,Midland County
1659,,EL PASO,TX,798,El Paso County
1660,,EL PASO,TX,799,El Paso County
1662,,DENVER,CO,800,Denver County
1663,,DENVER,CO,801,Denver County
1664,,DENVER,CO,802,Denver County
1665,,DENVER,CO,803,Denver County
1666,,DENVER,CO,804,Denver County
1669,,LONGMONT,CO,805,Boulder County
1667,,DENVER,CO,806,Denver County
1668,,DENVER,CO,807,Denver County
1670,,COLORADO SPRINGS,CO,808,El Paso County
1671,,COLORADO SPRINGS,CO,809,El Paso County
1672,,COLORADO SPRINGS,CO,810,El Paso County
1673,,ALAMOSA,CO,811,Alamosa County
1674,,SALIDA,CO,812,Chaffee County
1675,,DURANGO,CO,813,La Plata County
1676,,GRAND JUNCTION,CO,814,Mesa County
1677,,GRAND JUNCTION,CO,815,Mesa County
1678,,GLENWOOD SPRINGS,CO,816,Garfield County
1679,,CHEYENNE,WY,820,Laramie County
1474,,BILLINGS,MT,821,Yellowstone County
1680,,WHEATLAND,WY,822,Platte County
1681,,RAWLINS,WY,823,Carbon County
1682,,WORLAND,WY,824,Washakie County
1683,,RIVERTON,WY,825,Fremont County
1684,,CASPER,WY,826,Natrona County
1685,,GILLETTE,WY,827,Campbell County
1686,,SHERIDAN,WY,828,Sheridan County
1687,,ROCK SPRINGS,WY,829,Sweetwater County
1688,,ROCK SPRINGS,WY,830,Sweetwater County
1689,,ROCK SPRINGS,WY,831,Sweetwater County
1690,,POCATELLO,ID,832,Bannock County
1692,,TWIN FALLS,ID,833,Twin Falls County
1691,,POCATELLO,ID,834,Bannock County
1693,,LEWISTON,ID,835,Nez Perce County
1695,,BOISE,ID,836,Ada County
1696,,BOISE,ID,837,Ada County
1698,,SPOKANE,WA,838,Spokane County
1702,,SALT LAKE CITY,UT,840,Salt Lake County
1703,,SALT LAKE CITY,UT,841,Salt Lake County
1704,,SALT LAKE CITY,UT,842,Salt Lake County
1705,,SALT LAKE CITY,UT,843,Salt Lake County
1706,,SALT LAKE CITY,UT,844,Salt Lake County
1707,,PROVO,UT,845,Utah County
1708,,PROVO,UT,846,Utah County
1709,,PROVO,UT,847,Utah County
1710,,PHOENIX,AZ,850,Maricopa County
1711,,PHOENIX,AZ,852,Maricopa County
1712,,PHOENIX,AZ,853,Maricopa County
1713,,GLOBE,AZ,855,Gila County
1714,,TUCSON,AZ,856,Pima County
1715,,TUCSON,AZ,857,Pima County
1716,,SHOW LOW,AZ,859,Navajo County
1717,,FLAGSTAFF,AZ,860,Coconino County
1718,,PRESCOTT,AZ,863,Yavapai County
1719,,KINGMAN,AZ,864,Mohave County
1720,,GALLUP,NM,865,McKinley County
1722,,ALBUQUERQUE,NM,870,Bernalillo County
1723,,ALBUQUERQUE,NM,871,Bernalillo County
1724,,ALBUQUERQUE,NM,872,Bernalillo County
1721,,GALLUP,NM,873,McKinley County
1726,,FARMINGTON,NM,874,San Juan County
1725,,ALBUQUERQUE,NM,875,Bernalillo County
1727,,LAS VEGAS,NM,877,San Miguel County
1728,,SOCORRO,NM,878,Socorro County
1729,,TRUTH OR CONSEQUENCE,NM,879,Sierra County
1730,,LAS CRUCES,NM,880,Dona Ana County
1731,,CLOVIS,NM,881,Curry County
1732,,ROSWELL,NM,882,Chaves County
1733,,ALAMOGORDO,NM,883,Otero County
1734,,TUCUMCARI,NM,884,Quay County
1661,,EL PASO,TX,885,El Paso County
1735,,LAS VEGAS,NV,889,Clark County
1736,,LAS VEGAS,NV,890,Clark County
1737,,LAS VEGAS,NV,891,Clark County
1738,,ELY,NV,893,White Pine CountyC
1739,,RENO,NV,894,Washoe County
1740,,RENO,NV,895,Washoe County
1741,,RENO,NV,897,Washoe County
1743,,ELKO,NV,898,Elko County
1744,,LOS ANGELES,CA,900,Los Angeles County
1745,,LOS ANGELES,CA,901,Los Angeles County
1746,,INGLEWOOD,CA,902,Los Angeles County
1747,,INGLEWOOD,CA,903,Los Angeles County
1748,,INGLEWOOD,CA,904,Los Angeles County
1749,,LONG BEACH,CA,905,Los Angeles County
1750,,LONG BEACH,CA,906,Los Angeles County
1751,,LONG BEACH,CA,907,Los Angeles County
1752,,LONG BEACH,CA,908,Los Angeles County
1753,,PASADENA,CA,910,Los Angeles County
1754,,PASADENA,CA,911,Los Angeles County
1755,,PASADENA,CA,912,Los Angeles County
1756,,SANTA CLARITA,CA,913,Los Angeles County
1757,,SANTA CLARITA,CA,914,Los Angeles County
1758,,SANTA CLARITA,CA,915,Los Angeles County
1759,,SANTA CLARITA,CA,916,Los Angeles County
1760,,CITY OF INDUSTRY,CA,917,Los Angeles County
1761,,CITY OF INDUSTRY,CA,918,Los Angeles County
1762,,SAN DIEGO,CA,919,San Diego County
1763,,SAN DIEGO,CA,920,San Diego County
1764,,SAN DIEGO,CA,921,San Diego County
1765,,SAN BERNARDINO,CA,922,San Bernardino County
1766,,SAN BERNARDINO,CA,923,San Bernardino County
1767,,SAN BERNARDINO,CA,924,San Bernardino County
1768,,SAN BERNARDINO,CA,925,San Bernardino County
1769,,SANTA ANA,CA,926,Orange County
1770,,SANTA ANA,CA,927,Orange County
1771,,ANAHEIM,CA,928,Orange County
1772,,OXNARD,CA,930,Ventura County
1773,,GOLETA,CA,931,Santa Barbara County
1775,,BAKERSFIELD,CA,932,Kern County
1776,,BAKERSFIELD,CA,933,Kern County
1774,,GOLETA,CA,934,Santa Barbara County
1777,,MOJAVE,CA,935,Kern County
1778,,FRESNO,CA,936,Fresno County
1779,,FRESNO,CA,937,Fresno County
1780,,FRESNO,CA,938,Fresno County
1781,,SALINAS,CA,939,Monterey County
1782,,SAN FRANCISCO,CA,940,San Francisco County
1783,,SAN FRANCISCO,CA,941,San Francisco County
1786,,WEST SACRAMENTO,CA,942,Yolo County
1784,,SAN FRANCISCO,CA,943,San Francisco County
1785,,SAN FRANCISCO,CA,944,San Francisco County
1790,,OAKLAND,CA,945,Alameda County
1791,,OAKLAND,CA,946,Alameda County
1792,,OAKLAND,CA,947,Alameda County
1793,,OAKLAND,CA,948,Alameda County
1794,,PETALUMA,CA,949,Sonoma County
1796,,SAN JOSE,CA,950,Santa Clara County
1797,,SAN JOSE,CA,951,Santa Clara County
1798,,STOCKTON,CA,952,San Joaquin County
1799,,STOCKTON,CA,953,San Joaquin County
1795,,PETALUMA,CA,954,Sonoma County
1800,,EUREKA,CA,955,Humboldt County
1787,,WEST SACRAMENTO,CA,956,Yolo County
1788,,WEST SACRAMENTO,CA,957,Yolo County
1789,,WEST SACRAMENTO,CA,958,Yolo County
1801,,MARYSVILLE,CA,959,Yuba County
1802,,REDDING,CA,960,Shasta County
1742,,RENO,NV,961,Washoe County
1803,,HONOLULU,HI,967,Honolulu County
1804,,HONOLULU,HI,968,Honolulu County
1805,,BARRIGADA,GU,969,
1806,,PORTLAND,OR,970,Multnomah County
1807,,PORTLAND,OR,971,Multnomah County
1808,,PORTLAND,OR,972,Multnomah County
1810,,SALEM,OR,973,Marion County
1811,,SPRINGFIELD,OR,974,Lane County
1812,,MEDFORD,OR,975,Jackson County
1813,,KLAMATH FALLS,OR,976,Klamath County
1814,,BEND,OR,977,Deschutes County
1815,,PENDLETON,OR,978,Umatilla County
1697,,BOISE,ID,979,Ada County
1816,,SEATTLE,WA,980,King County
1817,,SEATTLE,WA,981,King County
1818,,EVERETT,WA,982,Snohomish County
1819,,TACOMA,WA,983,Pierce County
1820,,TACOMA,WA,984,Pierce County
1821,,TUMWATER,WA,985,Thurston County
1809,,PORTLAND,OR,986,Multnomah County
1822,,WENATCHEE,WA,988,Chelan County
1823,,YAKIMA,WA,989,Yakima County
1699,,SPOKANE,WA,990,Spokane County
1700,,SPOKANE,WA,991,Spokane County
1701,,SPOKANE,WA,992,Spokane County
1824,,PASCO,WA,993,Franklin County
1694,,LEWISTON,ID,994,Nez Perce County
1825,,ANCHORAGE,AK,995,Anchorage Borough/municipality
1826,,ANCHORAGE,AK,996,Anchorage Borough/municipality
1827,,FAIRBANKS,AK,997,Fairbanks North Star Borough
1828,,JUNEAU,AK,998,Juneau Borough/city
1829,,KETCHIKAN,AK,999,Ketchikan Gateway Borough
